fecha,valor_eur_mwh,concepto,tipo,variable_iseu,extraido_en
2025-03-01T00:00:00.000+01:00,154.17,PVPC,PVPC,Precio electricidad,2026-04-01T22:29:03
2025-03-01T01:00:00.000+01:00,132.96,PVPC,PVPC,Precio electricidad,2026-04-01T22:29:03
2025-03-01T02:00:00.000+01:00,131.63,PVPC,PVPC,Precio electricidad,2026-04-01T22:29:03
2025-03-01T03:00:00.000+01:00,126.15,PVPC,PVPC,Precio electricidad,2026-04-01T22:29:03
2025-03-01T04:00:00.000+01:00,120.3,PVPC,PVPC,Precio electricidad,2026-04-01T22:29:03
2025-03-01T05:00:00.000+01:00,115.43,PVPC,PVPC,Precio electricidad,2026-04-01T22:29:03
2025-03-01T06:00:00.000+01:00,124.01,PVPC,PVPC,Precio electricidad,2026-04-01T22:29:03
2025-03-01T07:00:00.000+01:00,125.93,PVPC,PVPC,Precio electricidad,2026-04-01T22:29:03
2025-03-01T08:00:00.000+01:00,121.62,PVPC,PVPC,Precio electricidad,2026-04-01T22:29:03
2025-03-01T09:00:00.000+01:00,112.34,PVPC,PVPC,Precio electricidad,2026-04-01T22:29:03
2025-03-01T10:00:00.000+01:00,88.57,PVPC,PVPC,Precio electricidad,2026-04-01T22:29:03
2025-03-01T11:00:00.000+01:00,75.64,PVPC,PVPC,Precio electricidad,2026-04-01T22:29:03
2025-03-01T12:00:00.000+01:00,68.97,PVPC,PVPC,Precio electricidad,2026-04-01T22:29:03
2025-03-01T13:00:00.000+01:00,68.46,PVPC,PVPC,Precio electricidad,2026-04-01T22:29:03
2025-03-01T14:00:00.000+01:00,63.36,PVPC,PVPC,Precio electricidad,2026-04-01T22:29:03
2025-03-01T15:00:00.000+01:00,60.21,PVPC,PVPC,Precio electricidad,2026-04-01T22:29:03
2025-03-01T16:00:00.000+01:00,68.12,PVPC,PVPC,Precio electricidad,2026-04-01T22:29:03
2025-03-01T17:00:00.000+01:00,73.7,PVPC,PVPC,Precio electricidad,2026-04-01T22:29:03
2025-03-01T18:00:00.000+01:00,101.98,PVPC,PVPC,Precio electricidad,2026-04-01T22:29:03
2025-03-01T19:00:00.000+01:00,107.87,PVPC,PVPC,Precio electricidad,2026-04-01T22:29:03
2025-03-01T20:00:00.000+01:00,118.53,PVPC,PVPC,Precio electricidad,2026-04-01T22:29:03
2025-03-01T21:00:00.000+01:00,118.74,PVPC,PVPC,Precio electricidad,2026-04-01T22:29:03
2025-03-01T22:00:00.000+01:00,124.66,PVPC,PVPC,Precio electricidad,2026-04-01T22:29:03
2025-03-01T23:00:00.000+01:00,104.61,PVPC,PVPC,Precio electricidad,2026-04-01T22:29:03
2025-03-02T00:00:00.000+01:00,103.15,PVPC,PVPC,Precio electricidad,2026-04-01T22:29:03
2025-03-02T01:00:00.000+01:00,93.53,PVPC,PVPC,Precio electricidad,2026-04-01T22:29:03
2025-03-02T02:00:00.000+01:00,94.35,PVPC,PVPC,Precio electricidad,2026-04-01T22:29:03
2025-03-02T03:00:00.000+01:00,95.44,PVPC,PVPC,Precio electricidad,2026-04-01T22:29:03
2025-03-02T04:00:00.000+01:00,97.66,PVPC,PVPC,Precio electricidad,2026-04-01T22:29:03
2025-03-02T05:00:00.000+01:00,98.79,PVPC,PVPC,Precio electricidad,2026-04-01T22:29:03
2025-03-02T06:00:00.000+01:00,97.59,PVPC,PVPC,Precio electricidad,2026-04-01T22:29:03
2025-03-02T07:00:00.000+01:00,95.16,PVPC,PVPC,Precio electricidad,2026-04-01T22:29:03
2025-03-02T08:00:00.000+01:00,93.01,PVPC,PVPC,Precio electricidad,2026-04-01T22:29:03
2025-03-02T09:00:00.000+01:00,96.15,PVPC,PVPC,Precio electricidad,2026-04-01T22:29:03
2025-03-02T10:00:00.000+01:00,100.43,PVPC,PVPC,Precio electricidad,2026-04-01T22:29:03
2025-03-02T11:00:00.000+01:00,90.7,PVPC,PVPC,Precio electricidad,2026-04-01T22:29:03
2025-03-02T12:00:00.000+01:00,53.89,PVPC,PVPC,Precio electricidad,2026-04-01T22:29:03
2025-03-02T13:00:00.000+01:00,74.14,PVPC,PVPC,Precio electricidad,2026-04-01T22:29:03
2025-03-02T14:00:00.000+01:00,77.11,PVPC,PVPC,Precio electricidad,2026-04-01T22:29:03
2025-03-02T15:00:00.000+01:00,89.8,PVPC,PVPC,Precio electricidad,2026-04-01T22:29:03
2025-03-02T16:00:00.000+01:00,119.86,PVPC,PVPC,Precio electricidad,2026-04-01T22:29:03
2025-03-02T17:00:00.000+01:00,121.63,PVPC,PVPC,Precio electricidad,2026-04-01T22:29:03
2025-03-02T18:00:00.000+01:00,128.79,PVPC,PVPC,Precio electricidad,2026-04-01T22:29:03
2025-03-02T19:00:00.000+01:00,155.76,PVPC,PVPC,Precio electricidad,2026-04-01T22:29:03
2025-03-02T20:00:00.000+01:00,167.88,PVPC,PVPC,Precio electricidad,2026-04-01T22:29:03
2025-03-02T21:00:00.000+01:00,166.85,PVPC,PVPC,Precio electricidad,2026-04-01T22:29:03
2025-03-02T22:00:00.000+01:00,132.92,PVPC,PVPC,Precio electricidad,2026-04-01T22:29:03
2025-03-02T23:00:00.000+01:00,118.96,PVPC,PVPC,Precio electricidad,2026-04-01T22:29:03
2025-03-01T00:00:00.000+01:00,105.36,Precio mercado spot,Precio mercado spot,Precio electricidad,2026-04-01T22:29:03
2025-03-01T00:15:00.000+01:00,105.36,Precio mercado spot,Precio mercado spot,Precio electricidad,2026-04-01T22:29:03
2025-03-01T00:30:00.000+01:00,105.36,Precio mercado spot,Precio mercado spot,Precio electricidad,2026-04-01T22:29:03
2025-03-01T00:45:00.000+01:00,105.36,Precio mercado spot,Precio mercado spot,Precio electricidad,2026-04-01T22:29:03
2025-03-01T01:00:00.000+01:00,85.2,Precio mercado spot,Precio mercado spot,Precio electricidad,2026-04-01T22:29:03
2025-03-01T01:15:00.000+01:00,85.2,Precio mercado spot,Precio mercado spot,Precio electricidad,2026-04-01T22:29:03
2025-03-01T01:30:00.000+01:00,85.2,Precio mercado spot,Precio mercado spot,Precio electricidad,2026-04-01T22:29:03
2025-03-01T01:45:00.000+01:00,85.2,Precio mercado spot,Precio mercado spot,Precio electricidad,2026-04-01T22:29:03
2025-03-01T02:00:00.000+01:00,82.49,Precio mercado spot,Precio mercado spot,Precio electricidad,2026-04-01T22:29:03
2025-03-01T02:15:00.000+01:00,82.49,Precio mercado spot,Precio mercado spot,Precio electricidad,2026-04-01T22:29:03
2025-03-01T02:30:00.000+01:00,82.49,Precio mercado spot,Precio mercado spot,Precio electricidad,2026-04-01T22:29:03
2025-03-01T02:45:00.000+01:00,82.49,Precio mercado spot,Precio mercado spot,Precio electricidad,2026-04-01T22:29:03
2025-03-01T03:00:00.000+01:00,79.17,Precio mercado spot,Precio mercado spot,Precio electricidad,2026-04-01T22:29:03
2025-03-01T03:15:00.000+01:00,79.17,Precio mercado spot,Precio mercado spot,Precio electricidad,2026-04-01T22:29:03
2025-03-01T03:30:00.000+01:00,79.17,Precio mercado spot,Precio mercado spot,Precio electricidad,2026-04-01T22:29:03
2025-03-01T03:45:00.000+01:00,79.17,Precio mercado spot,Precio mercado spot,Precio electricidad,2026-04-01T22:29:03
2025-03-01T04:00:00.000+01:00,74.21,Precio mercado spot,Precio mercado spot,Precio electricidad,2026-04-01T22:29:03
2025-03-01T04:15:00.000+01:00,74.21,Precio mercado spot,Precio mercado spot,Precio electricidad,2026-04-01T22:29:03
2025-03-01T04:30:00.000+01:00,74.21,Precio mercado spot,Precio mercado spot,Precio electricidad,2026-04-01T22:29:03
2025-03-01T04:45:00.000+01:00,74.21,Precio mercado spot,Precio mercado spot,Precio electricidad,2026-04-01T22:29:03
2025-03-01T05:00:00.000+01:00,70.75,Precio mercado spot,Precio mercado spot,Precio electricidad,2026-04-01T22:29:03
2025-03-01T05:15:00.000+01:00,70.75,Precio mercado spot,Precio mercado spot,Precio electricidad,2026-04-01T22:29:03
2025-03-01T05:30:00.000+01:00,70.75,Precio mercado spot,Precio mercado spot,Precio electricidad,2026-04-01T22:29:03
2025-03-01T05:45:00.000+01:00,70.75,Precio mercado spot,Precio mercado spot,Precio electricidad,2026-04-01T22:29:03
2025-03-01T06:00:00.000+01:00,78.52,Precio mercado spot,Precio mercado spot,Precio electricidad,2026-04-01T22:29:03
2025-03-01T06:15:00.000+01:00,78.52,Precio mercado spot,Precio mercado spot,Precio electricidad,2026-04-01T22:29:03
2025-03-01T06:30:00.000+01:00,78.52,Precio mercado spot,Precio mercado spot,Precio electricidad,2026-04-01T22:29:03
2025-03-01T06:45:00.000+01:00,78.52,Precio mercado spot,Precio mercado spot,Precio electricidad,2026-04-01T22:29:03
2025-03-01T07:00:00.000+01:00,83.5,Precio mercado spot,Precio mercado spot,Precio electricidad,2026-04-01T22:29:03
2025-03-01T07:15:00.000+01:00,83.5,Precio mercado spot,Precio mercado spot,Precio electricidad,2026-04-01T22:29:03
2025-03-01T07:30:00.000+01:00,83.5,Precio mercado spot,Precio mercado spot,Precio electricidad,2026-04-01T22:29:03
2025-03-01T07:45:00.000+01:00,83.5,Precio mercado spot,Precio mercado spot,Precio electricidad,2026-04-01T22:29:03
2025-03-01T08:00:00.000+01:00,82.92,Precio mercado spot,Precio mercado spot,Precio electricidad,2026-04-01T22:29:03
2025-03-01T08:15:00.000+01:00,82.92,Precio mercado spot,Precio mercado spot,Precio electricidad,2026-04-01T22:29:03
2025-03-01T08:30:00.000+01:00,82.92,Precio mercado spot,Precio mercado spot,Precio electricidad,2026-04-01T22:29:03
2025-03-01T08:45:00.000+01:00,82.92,Precio mercado spot,Precio mercado spot,Precio electricidad,2026-04-01T22:29:03
2025-03-01T09:00:00.000+01:00,72,Precio mercado spot,Precio mercado spot,Precio electricidad,2026-04-01T22:29:03
2025-03-01T09:15:00.000+01:00,72,Precio mercado spot,Precio mercado spot,Precio electricidad,2026-04-01T22:29:03
2025-03-01T09:30:00.000+01:00,72,Precio mercado spot,Precio mercado spot,Precio electricidad,2026-04-01T22:29:03
2025-03-01T09:45:00.000+01:00,72,Precio mercado spot,Precio mercado spot,Precio electricidad,2026-04-01T22:29:03
2025-03-01T10:00:00.000+01:00,54.63,Precio mercado spot,Precio mercado spot,Precio electricidad,2026-04-01T22:29:03
2025-03-01T10:15:00.000+01:00,54.63,Precio mercado spot,Precio mercado spot,Precio electricidad,2026-04-01T22:29:03
2025-03-01T10:30:00.000+01:00,54.63,Precio mercado spot,Precio mercado spot,Precio electricidad,2026-04-01T22:29:03
2025-03-01T10:45:00.000+01:00,54.63,Precio mercado spot,Precio mercado spot,Precio electricidad,2026-04-01T22:29:03
2025-03-01T11:00:00.000+01:00,45,Precio mercado spot,Precio mercado spot,Precio electricidad,2026-04-01T22:29:03
2025-03-01T11:15:00.000+01:00,45,Precio mercado spot,Precio mercado spot,Precio electricidad,2026-04-01T22:29:03
2025-03-01T11:30:00.000+01:00,45,Precio mercado spot,Precio mercado spot,Precio electricidad,2026-04-01T22:29:03
2025-03-01T11:45:00.000+01:00,45,Precio mercado spot,Precio mercado spot,Precio electricidad,2026-04-01T22:29:03
2025-03-01T12:00:00.000+01:00,40.1,Precio mercado spot,Precio mercado spot,Precio electricidad,2026-04-01T22:29:03
2025-03-01T12:15:00.000+01:00,40.1,Precio mercado spot,Precio mercado spot,Precio electricidad,2026-04-01T22:29:03
2025-03-01T12:30:00.000+01:00,40.1,Precio mercado spot,Precio mercado spot,Precio electricidad,2026-04-01T22:29:03
2025-03-01T12:45:00.000+01:00,40.1,Precio mercado spot,Precio mercado spot,Precio electricidad,2026-04-01T22:29:03
2025-03-01T13:00:00.000+01:00,39.68,Precio mercado spot,Precio mercado spot,Precio electricidad,2026-04-01T22:29:03
2025-03-01T13:15:00.000+01:00,39.68,Precio mercado spot,Precio mercado spot,Precio electricidad,2026-04-01T22:29:03
2025-03-01T13:30:00.000+01:00,39.68,Precio mercado spot,Precio mercado spot,Precio electricidad,2026-04-01T22:29:03
2025-03-01T13:45:00.000+01:00,39.68,Precio mercado spot,Precio mercado spot,Precio electricidad,2026-04-01T22:29:03
2025-03-01T14:00:00.000+01:00,35.3,Precio mercado spot,Precio mercado spot,Precio electricidad,2026-04-01T22:29:03
2025-03-01T14:15:00.000+01:00,35.3,Precio mercado spot,Precio mercado spot,Precio electricidad,2026-04-01T22:29:03
2025-03-01T14:30:00.000+01:00,35.3,Precio mercado spot,Precio mercado spot,Precio electricidad,2026-04-01T22:29:03
2025-03-01T14:45:00.000+01:00,35.3,Precio mercado spot,Precio mercado spot,Precio electricidad,2026-04-01T22:29:03
2025-03-01T15:00:00.000+01:00,31.73,Precio mercado spot,Precio mercado spot,Precio electricidad,2026-04-01T22:29:03
2025-03-01T15:15:00.000+01:00,31.73,Precio mercado spot,Precio mercado spot,Precio electricidad,2026-04-01T22:29:03
2025-03-01T15:30:00.000+01:00,31.73,Precio mercado spot,Precio mercado spot,Precio electricidad,2026-04-01T22:29:03
2025-03-01T15:45:00.000+01:00,31.73,Precio mercado spot,Precio mercado spot,Precio electricidad,2026-04-01T22:29:03
2025-03-01T16:00:00.000+01:00,34.75,Precio mercado spot,Precio mercado spot,Precio electricidad,2026-04-01T22:29:03
2025-03-01T16:15:00.000+01:00,34.75,Precio mercado spot,Precio mercado spot,Precio electricidad,2026-04-01T22:29:03
2025-03-01T16:30:00.000+01:00,34.75,Precio mercado spot,Precio mercado spot,Precio electricidad,2026-04-01T22:29:03
2025-03-01T16:45:00.000+01:00,34.75,Precio mercado spot,Precio mercado spot,Precio electricidad,2026-04-01T22:29:03
2025-03-01T17:00:00.000+01:00,39.68,Precio mercado spot,Precio mercado spot,Precio electricidad,2026-04-01T22:29:03
2025-03-01T17:15:00.000+01:00,39.68,Precio mercado spot,Precio mercado spot,Precio electricidad,2026-04-01T22:29:03
2025-03-01T17:30:00.000+01:00,39.68,Precio mercado spot,Precio mercado spot,Precio electricidad,2026-04-01T22:29:03
2025-03-01T17:45:00.000+01:00,39.68,Precio mercado spot,Precio mercado spot,Precio electricidad,2026-04-01T22:29:03
2025-03-01T18:00:00.000+01:00,66.52,Precio mercado spot,Precio mercado spot,Precio electricidad,2026-04-01T22:29:03
2025-03-01T18:15:00.000+01:00,66.52,Precio mercado spot,Precio mercado spot,Precio electricidad,2026-04-01T22:29:03
2025-03-01T18:30:00.000+01:00,66.52,Precio mercado spot,Precio mercado spot,Precio electricidad,2026-04-01T22:29:03
2025-03-01T18:45:00.000+01:00,66.52,Precio mercado spot,Precio mercado spot,Precio electricidad,2026-04-01T22:29:03
2025-03-01T19:00:00.000+01:00,70.8,Precio mercado spot,Precio mercado spot,Precio electricidad,2026-04-01T22:29:03
2025-03-01T19:15:00.000+01:00,70.8,Precio mercado spot,Precio mercado spot,Precio electricidad,2026-04-01T22:29:03
2025-03-01T19:30:00.000+01:00,70.8,Precio mercado spot,Precio mercado spot,Precio electricidad,2026-04-01T22:29:03
2025-03-01T19:45:00.000+01:00,70.8,Precio mercado spot,Precio mercado spot,Precio electricidad,2026-04-01T22:29:03
2025-03-01T20:00:00.000+01:00,80.36,Precio mercado spot,Precio mercado spot,Precio electricidad,2026-04-01T22:29:03
2025-03-01T20:15:00.000+01:00,80.36,Precio mercado spot,Precio mercado spot,Precio electricidad,2026-04-01T22:29:03
2025-03-01T20:30:00.000+01:00,80.36,Precio mercado spot,Precio mercado spot,Precio electricidad,2026-04-01T22:29:03
2025-03-01T20:45:00.000+01:00,80.36,Precio mercado spot,Precio mercado spot,Precio electricidad,2026-04-01T22:29:03
2025-03-01T21:00:00.000+01:00,78.54,Precio mercado spot,Precio mercado spot,Precio electricidad,2026-04-01T22:29:03
2025-03-01T21:15:00.000+01:00,78.54,Precio mercado spot,Precio mercado spot,Precio electricidad,2026-04-01T22:29:03
2025-03-01T21:30:00.000+01:00,78.54,Precio mercado spot,Precio mercado spot,Precio electricidad,2026-04-01T22:29:03
2025-03-01T21:45:00.000+01:00,78.54,Precio mercado spot,Precio mercado spot,Precio electricidad,2026-04-01T22:29:03
2025-03-01T22:00:00.000+01:00,82.49,Precio mercado spot,Precio mercado spot,Precio electricidad,2026-04-01T22:29:03
2025-03-01T22:15:00.000+01:00,82.49,Precio mercado spot,Precio mercado spot,Precio electricidad,2026-04-01T22:29:03
2025-03-01T22:30:00.000+01:00,82.49,Precio mercado spot,Precio mercado spot,Precio electricidad,2026-04-01T22:29:03
2025-03-01T22:45:00.000+01:00,82.49,Precio mercado spot,Precio mercado spot,Precio electricidad,2026-04-01T22:29:03
2025-03-01T23:00:00.000+01:00,66.28,Precio mercado spot,Precio mercado spot,Precio electricidad,2026-04-01T22:29:03
2025-03-01T23:15:00.000+01:00,66.28,Precio mercado spot,Precio mercado spot,Precio electricidad,2026-04-01T22:29:03
2025-03-01T23:30:00.000+01:00,66.28,Precio mercado spot,Precio mercado spot,Precio electricidad,2026-04-01T22:29:03
2025-03-01T23:45:00.000+01:00,66.28,Precio mercado spot,Precio mercado spot,Precio electricidad,2026-04-01T22:29:03
2025-03-02T00:00:00.000+01:00,62,Precio mercado spot,Precio mercado spot,Precio electricidad,2026-04-01T22:29:03
2025-03-02T00:15:00.000+01:00,62,Precio mercado spot,Precio mercado spot,Precio electricidad,2026-04-01T22:29:03
2025-03-02T00:30:00.000+01:00,62,Precio mercado spot,Precio mercado spot,Precio electricidad,2026-04-01T22:29:03
2025-03-02T00:45:00.000+01:00,62,Precio mercado spot,Precio mercado spot,Precio electricidad,2026-04-01T22:29:03
2025-03-02T01:00:00.000+01:00,51.58,Precio mercado spot,Precio mercado spot,Precio electricidad,2026-04-01T22:29:03
2025-03-02T01:15:00.000+01:00,51.58,Precio mercado spot,Precio mercado spot,Precio electricidad,2026-04-01T22:29:03
2025-03-02T01:30:00.000+01:00,51.58,Precio mercado spot,Precio mercado spot,Precio electricidad,2026-04-01T22:29:03
2025-03-02T01:45:00.000+01:00,51.58,Precio mercado spot,Precio mercado spot,Precio electricidad,2026-04-01T22:29:03
2025-03-02T02:00:00.000+01:00,50.03,Precio mercado spot,Precio mercado spot,Precio electricidad,2026-04-01T22:29:03
2025-03-02T02:15:00.000+01:00,50.03,Precio mercado spot,Precio mercado spot,Precio electricidad,2026-04-01T22:29:03
2025-03-02T02:30:00.000+01:00,50.03,Precio mercado spot,Precio mercado spot,Precio electricidad,2026-04-01T22:29:03
2025-03-02T02:45:00.000+01:00,50.03,Precio mercado spot,Precio mercado spot,Precio electricidad,2026-04-01T22:29:03
2025-03-02T03:00:00.000+01:00,49.2,Precio mercado spot,Precio mercado spot,Precio electricidad,2026-04-01T22:29:03
2025-03-02T03:15:00.000+01:00,49.2,Precio mercado spot,Precio mercado spot,Precio electricidad,2026-04-01T22:29:03
2025-03-02T03:30:00.000+01:00,49.2,Precio mercado spot,Precio mercado spot,Precio electricidad,2026-04-01T22:29:03
2025-03-02T03:45:00.000+01:00,49.2,Precio mercado spot,Precio mercado spot,Precio electricidad,2026-04-01T22:29:03
2025-03-02T04:00:00.000+01:00,50.68,Precio mercado spot,Precio mercado spot,Precio electricidad,2026-04-01T22:29:03
2025-03-02T04:15:00.000+01:00,50.68,Precio mercado spot,Precio mercado spot,Precio electricidad,2026-04-01T22:29:03
2025-03-02T04:30:00.000+01:00,50.68,Precio mercado spot,Precio mercado spot,Precio electricidad,2026-04-01T22:29:03
2025-03-02T04:45:00.000+01:00,50.68,Precio mercado spot,Precio mercado spot,Precio electricidad,2026-04-01T22:29:03
2025-03-02T05:00:00.000+01:00,51.58,Precio mercado spot,Precio mercado spot,Precio electricidad,2026-04-01T22:29:03
2025-03-02T05:15:00.000+01:00,51.58,Precio mercado spot,Precio mercado spot,Precio electricidad,2026-04-01T22:29:03
2025-03-02T05:30:00.000+01:00,51.58,Precio mercado spot,Precio mercado spot,Precio electricidad,2026-04-01T22:29:03
2025-03-02T05:45:00.000+01:00,51.58,Precio mercado spot,Precio mercado spot,Precio electricidad,2026-04-01T22:29:03
2025-03-02T06:00:00.000+01:00,51.97,Precio mercado spot,Precio mercado spot,Precio electricidad,2026-04-01T22:29:03
2025-03-02T06:15:00.000+01:00,51.97,Precio mercado spot,Precio mercado spot,Precio electricidad,2026-04-01T22:29:03
2025-03-02T06:30:00.000+01:00,51.97,Precio mercado spot,Precio mercado spot,Precio electricidad,2026-04-01T22:29:03
2025-03-02T06:45:00.000+01:00,51.97,Precio mercado spot,Precio mercado spot,Precio electricidad,2026-04-01T22:29:03
2025-03-02T07:00:00.000+01:00,51.9,Precio mercado spot,Precio mercado spot,Precio electricidad,2026-04-01T22:29:03
2025-03-02T07:15:00.000+01:00,51.9,Precio mercado spot,Precio mercado spot,Precio electricidad,2026-04-01T22:29:03
2025-03-02T07:30:00.000+01:00,51.9,Precio mercado spot,Precio mercado spot,Precio electricidad,2026-04-01T22:29:03
2025-03-02T07:45:00.000+01:00,51.9,Precio mercado spot,Precio mercado spot,Precio electricidad,2026-04-01T22:29:03
2025-03-02T08:00:00.000+01:00,51.9,Precio mercado spot,Precio mercado spot,Precio electricidad,2026-04-01T22:29:03
2025-03-02T08:15:00.000+01:00,51.9,Precio mercado spot,Precio mercado spot,Precio electricidad,2026-04-01T22:29:03
2025-03-02T08:30:00.000+01:00,51.9,Precio mercado spot,Precio mercado spot,Precio electricidad,2026-04-01T22:29:03
2025-03-02T08:45:00.000+01:00,51.9,Precio mercado spot,Precio mercado spot,Precio electricidad,2026-04-01T22:29:03
2025-03-02T09:00:00.000+01:00,52.5,Precio mercado spot,Precio mercado spot,Precio electricidad,2026-04-01T22:29:03
2025-03-02T09:15:00.000+01:00,52.5,Precio mercado spot,Precio mercado spot,Precio electricidad,2026-04-01T22:29:03
2025-03-02T09:30:00.000+01:00,52.5,Precio mercado spot,Precio mercado spot,Precio electricidad,2026-04-01T22:29:03
2025-03-02T09:45:00.000+01:00,52.5,Precio mercado spot,Precio mercado spot,Precio electricidad,2026-04-01T22:29:03
2025-03-02T10:00:00.000+01:00,60.5,Precio mercado spot,Precio mercado spot,Precio electricidad,2026-04-01T22:29:03
2025-03-02T10:15:00.000+01:00,60.5,Precio mercado spot,Precio mercado spot,Precio electricidad,2026-04-01T22:29:03
2025-03-02T10:30:00.000+01:00,60.5,Precio mercado spot,Precio mercado spot,Precio electricidad,2026-04-01T22:29:03
2025-03-02T10:45:00.000+01:00,60.5,Precio mercado spot,Precio mercado spot,Precio electricidad,2026-04-01T22:29:03
2025-03-02T11:00:00.000+01:00,49,Precio mercado spot,Precio mercado spot,Precio electricidad,2026-04-01T22:29:03
2025-03-02T11:15:00.000+01:00,49,Precio mercado spot,Precio mercado spot,Precio electricidad,2026-04-01T22:29:03
2025-03-02T11:30:00.000+01:00,49,Precio mercado spot,Precio mercado spot,Precio electricidad,2026-04-01T22:29:03
2025-03-02T11:45:00.000+01:00,49,Precio mercado spot,Precio mercado spot,Precio electricidad,2026-04-01T22:29:03
2025-03-02T12:00:00.000+01:00,27.5,Precio mercado spot,Precio mercado spot,Precio electricidad,2026-04-01T22:29:03
2025-03-02T12:15:00.000+01:00,27.5,Precio mercado spot,Precio mercado spot,Precio electricidad,2026-04-01T22:29:03
2025-03-02T12:30:00.000+01:00,27.5,Precio mercado spot,Precio mercado spot,Precio electricidad,2026-04-01T22:29:03
2025-03-02T12:45:00.000+01:00,27.5,Precio mercado spot,Precio mercado spot,Precio electricidad,2026-04-01T22:29:03
2025-03-02T13:00:00.000+01:00,40,Precio mercado spot,Precio mercado spot,Precio electricidad,2026-04-01T22:29:03
2025-03-02T13:15:00.000+01:00,40,Precio mercado spot,Precio mercado spot,Precio electricidad,2026-04-01T22:29:03
2025-03-02T13:30:00.000+01:00,40,Precio mercado spot,Precio mercado spot,Precio electricidad,2026-04-01T22:29:03
2025-03-02T13:45:00.000+01:00,40,Precio mercado spot,Precio mercado spot,Precio electricidad,2026-04-01T22:29:03
2025-03-02T14:00:00.000+01:00,42.19,Precio mercado spot,Precio mercado spot,Precio electricidad,2026-04-01T22:29:03
2025-03-02T14:15:00.000+01:00,42.19,Precio mercado spot,Precio mercado spot,Precio electricidad,2026-04-01T22:29:03
2025-03-02T14:30:00.000+01:00,42.19,Precio mercado spot,Precio mercado spot,Precio electricidad,2026-04-01T22:29:03
2025-03-02T14:45:00.000+01:00,42.19,Precio mercado spot,Precio mercado spot,Precio electricidad,2026-04-01T22:29:03
2025-03-02T15:00:00.000+01:00,51.9,Precio mercado spot,Precio mercado spot,Precio electricidad,2026-04-01T22:29:03
2025-03-02T15:15:00.000+01:00,51.9,Precio mercado spot,Precio mercado spot,Precio electricidad,2026-04-01T22:29:03
2025-03-02T15:30:00.000+01:00,51.9,Precio mercado spot,Precio mercado spot,Precio electricidad,2026-04-01T22:29:03
2025-03-02T15:45:00.000+01:00,51.9,Precio mercado spot,Precio mercado spot,Precio electricidad,2026-04-01T22:29:03
2025-03-02T16:00:00.000+01:00,76.04,Precio mercado spot,Precio mercado spot,Precio electricidad,2026-04-01T22:29:03
2025-03-02T16:15:00.000+01:00,76.04,Precio mercado spot,Precio mercado spot,Precio electricidad,2026-04-01T22:29:03
2025-03-02T16:30:00.000+01:00,76.04,Precio mercado spot,Precio mercado spot,Precio electricidad,2026-04-01T22:29:03
2025-03-02T16:45:00.000+01:00,76.04,Precio mercado spot,Precio mercado spot,Precio electricidad,2026-04-01T22:29:03
2025-03-02T17:00:00.000+01:00,82.49,Precio mercado spot,Precio mercado spot,Precio electricidad,2026-04-01T22:29:03
2025-03-02T17:15:00.000+01:00,82.49,Precio mercado spot,Precio mercado spot,Precio electricidad,2026-04-01T22:29:03
2025-03-02T17:30:00.000+01:00,82.49,Precio mercado spot,Precio mercado spot,Precio electricidad,2026-04-01T22:29:03
2025-03-02T17:45:00.000+01:00,82.49,Precio mercado spot,Precio mercado spot,Precio electricidad,2026-04-01T22:29:03
2025-03-02T18:00:00.000+01:00,89.5,Precio mercado spot,Precio mercado spot,Precio electricidad,2026-04-01T22:29:03
2025-03-02T18:15:00.000+01:00,89.5,Precio mercado spot,Precio mercado spot,Precio electricidad,2026-04-01T22:29:03
2025-03-02T18:30:00.000+01:00,89.5,Precio mercado spot,Precio mercado spot,Precio electricidad,2026-04-01T22:29:03
2025-03-02T18:45:00.000+01:00,89.5,Precio mercado spot,Precio mercado spot,Precio electricidad,2026-04-01T22:29:03
2025-03-02T19:00:00.000+01:00,113.95,Precio mercado spot,Precio mercado spot,Precio electricidad,2026-04-01T22:29:03
2025-03-02T19:15:00.000+01:00,113.95,Precio mercado spot,Precio mercado spot,Precio electricidad,2026-04-01T22:29:03
2025-03-02T19:30:00.000+01:00,113.95,Precio mercado spot,Precio mercado spot,Precio electricidad,2026-04-01T22:29:03
2025-03-02T19:45:00.000+01:00,113.95,Precio mercado spot,Precio mercado spot,Precio electricidad,2026-04-01T22:29:03
2025-03-02T20:00:00.000+01:00,124.87,Precio mercado spot,Precio mercado spot,Precio electricidad,2026-04-01T22:29:03
2025-03-02T20:15:00.000+01:00,124.87,Precio mercado spot,Precio mercado spot,Precio electricidad,2026-04-01T22:29:03
2025-03-02T20:30:00.000+01:00,124.87,Precio mercado spot,Precio mercado spot,Precio electricidad,2026-04-01T22:29:03
2025-03-02T20:45:00.000+01:00,124.87,Precio mercado spot,Precio mercado spot,Precio electricidad,2026-04-01T22:29:03
2025-03-02T21:00:00.000+01:00,121.69,Precio mercado spot,Precio mercado spot,Precio electricidad,2026-04-01T22:29:03
2025-03-02T21:15:00.000+01:00,121.69,Precio mercado spot,Precio mercado spot,Precio electricidad,2026-04-01T22:29:03
2025-03-02T21:30:00.000+01:00,121.69,Precio mercado spot,Precio mercado spot,Precio electricidad,2026-04-01T22:29:03
2025-03-02T21:45:00.000+01:00,121.69,Precio mercado spot,Precio mercado spot,Precio electricidad,2026-04-01T22:29:03
2025-03-02T22:00:00.000+01:00,91.5,Precio mercado spot,Precio mercado spot,Precio electricidad,2026-04-01T22:29:03
2025-03-02T22:15:00.000+01:00,91.5,Precio mercado spot,Precio mercado spot,Precio electricidad,2026-04-01T22:29:03
2025-03-02T22:30:00.000+01:00,91.5,Precio mercado spot,Precio mercado spot,Precio electricidad,2026-04-01T22:29:03
2025-03-02T22:45:00.000+01:00,91.5,Precio mercado spot,Precio mercado spot,Precio electricidad,2026-04-01T22:29:03
2025-03-02T23:00:00.000+01:00,79,Precio mercado spot,Precio mercado spot,Precio electricidad,2026-04-01T22:29:03
2025-03-02T23:15:00.000+01:00,79,Precio mercado spot,Precio mercado spot,Precio electricidad,2026-04-01T22:29:03
2025-03-02T23:30:00.000+01:00,79,Precio mercado spot,Precio mercado spot,Precio electricidad,2026-04-01T22:29:03
2025-03-02T23:45:00.000+01:00,79,Precio mercado spot,Precio mercado spot,Precio electricidad,2026-04-01T22:29:03
