dataset,column,non_null,nulls,null_pct,unique,numeric_non_null,key_like,recommended_action,reason,sample
bcn_equipamientos_limpio.csv,addresses_roadtype_id,0,2722,100.0,0,0,True,conservar_con_cautela,"Nulidad alta, pero puede aportar informacion parcial.",
bcn_turismo_limpio.csv,addresses_roadtype_id,0,446,100.0,0,0,True,conservar_con_cautela,"Nulidad alta, pero puede aportar informacion parcial.",
bcn_turismo_limpio.csv,institution_id,0,446,100.0,0,0,True,conservar_con_cautela,"Nulidad alta, pero puede aportar informacion parcial.",
bcn_turismo_limpio.csv,values_description,0,446,100.0,0,0,True,conservar_con_cautela,"Nulidad alta, pero puede aportar informacion parcial.",
ine_limpio.csv,unidad,0,1059,100.0,0,0,True,conservar_con_cautela,"Nulidad alta, pero puede aportar informacion parcial.",
bcn_equipamientos_limpio.csv,values_description,76,2646,97.21,39,0,True,conservar_con_cautela,"Nulidad alta, pero puede aportar informacion parcial.",Edifici Biscaia (infantil i primària) | Edifici Biscaia (infantil i primària) | Edifici Biscaia (infantil i primària)
bcn_zonas_verdes_limpio.csv,data_plantacio,2019,31370,93.95,340,0,True,conservar_con_cautela,"Nulidad alta, pero puede aportar informacion parcial.",2015-04-14 | 2026-03-30 | 2026-03-16
bcn_equipamientos_limpio.csv,institution_id,224,2498,91.77,157,224,True,conservar_con_cautela,"Nulidad alta, pero puede aportar informacion parcial.",75990678489.0 | 99400383772.0 | 92086008787.0
bcn_equipamientos_limpio.csv,institution_name,224,2498,91.77,157,0,False,revisar_columna,Muchos nulos; conservar solo si aporta contexto metodologico.,Clínica Guang An Men de Medicina Tradicional Xinesa | Associació Cultural Escola de Música de Gràcia | Universitat de Barcelona
bcn_turismo_limpio.csv,addresses_end_street_number,40,406,91.03,32,40,False,revisar_columna,Muchos nulos; conservar solo si aporta contexto metodologico.,34.0 | 621.0 | 6.0
bcn_equipamientos_limpio.csv,addresses_end_street_number,495,2227,81.81,166,495,False,revisar_columna,Muchos nulos; conservar solo si aporta contexto metodologico.,10.0 | 81.0 | 81.0
bcn_licencias_limpio.csv,nom_eix,16823,27177,61.77,29,0,False,revisar_columna,"Nulidad alta, pero puede aportar informacion parcial.",EL Clot | Sant Gervasi | Sant Gervasi
sepe_contratos_limpio.csv,sector_construccion,39456,58082,59.55,882,39456,False,revisar_columna,"Nulidad alta, pero puede aportar informacion parcial.",19.0 | 12.0 | 51.0
sepe_contratos_limpio.csv,sector_industria,40809,56729,58.16,1338,40809,False,revisar_columna,"Nulidad alta, pero puede aportar informacion parcial.",83.0 | 13.0 | 2.5
sepe_contratos_limpio.csv,sector_agricultura,41852,55686,57.09,1229,41852,False,revisar_columna,"Nulidad alta, pero puede aportar informacion parcial.",11.0 | 6.0 | 2.5
bcn_seguridad_limpio.csv,num_postal,4798,3274,40.56,1420,2634,False,conservar,Nulidad manejable o columna relevante.,48 | 9 | 103
sepe_paro_limpio.csv,mujeres_menor_25,60184,37972,38.69,1027,60184,False,conservar,Nulidad manejable o columna relevante.,0.0 | 35.0 | 2.5
sepe_paro_limpio.csv,hombres_menor_25,63158,34998,35.66,1070,63158,False,conservar,Nulidad manejable o columna relevante.,2.5 | 27.0 | 0.0
sepe_paro_limpio.csv,sin_empleo_anterior,63150,35006,35.66,1631,63150,False,conservar,Nulidad manejable o columna relevante.,5.0 | 100.0 | 2.5
sepe_paro_limpio.csv,sector_construccion,67138,31018,31.6,1400,67138,False,conservar,Nulidad manejable o columna relevante.,8.0 | 56.0 | 2.5
sepe_paro_limpio.csv,sector_agricultura,68948,29208,29.76,941,68948,False,conservar,Nulidad manejable o columna relevante.,5.0 | 21.0 | 0.0
sepe_contratos_limpio.csv,mujeres_indefinido_convertido,68786,28752,29.48,465,68786,True,conservar,Nulidad manejable o columna relevante.,2.5 | 9.0 | 0.0
sepe_contratos_limpio.csv,mujeres_indefinido_inicial,68786,28752,29.48,1518,68786,True,conservar,Nulidad manejable o columna relevante.,17.0 | 80.0 | 2.5
sepe_contratos_limpio.csv,mujeres_temporal_inicial,68786,28752,29.48,1972,68786,False,conservar,Nulidad manejable o columna relevante.,87.0 | 348.0 | 0.0
sepe_paro_limpio.csv,sector_industria,72069,26087,26.58,1409,72069,False,conservar,Nulidad manejable o columna relevante.,26.0 | 79.0 | 0.0
bcn_equipamientos_limpio.csv,secondary_filters_asia_id,2004,718,26.38,27,2004,True,conservar,Nulidad manejable o columna relevante.,65103003001003.0 | 65103003000000.0 | 65103003000001.0
bcn_equipamientos_limpio.csv,secondary_filters_fullpath,2004,718,26.38,27,0,False,conservar,Nulidad manejable o columna relevante.,Planol BCN >> Educació >> Ensenyament reglat >> Universitats | Planol BCN >> Educació >> Ensenyament infantil >> Ensenyament infantil (0-3 anys) | Planol BCN >> Educació >> Ensenyament infantil >> Ensenyament infantil (3-6 anys)
bcn_equipamientos_limpio.csv,secondary_filters_id,2004,718,26.38,27,2004,True,conservar,Nulidad manejable o columna relevante.,56732071.0 | 56731068.0 | 56731069.0
bcn_equipamientos_limpio.csv,secondary_filters_name,2004,718,26.38,27,0,False,conservar,Nulidad manejable o columna relevante.,Universitats | Ensenyament infantil (0-3 anys) | Ensenyament infantil (3-6 anys)
bcn_equipamientos_limpio.csv,secondary_filters_tree,2004,718,26.38,1,2004,False,conservar,Nulidad manejable o columna relevante.,651.0 | 651.0 | 651.0
sepe_contratos_limpio.csv,hombres_indefinido_convertido,72651,24887,25.52,486,72651,True,conservar,Nulidad manejable o columna relevante.,7.0 | 6.0 | 0.0
sepe_contratos_limpio.csv,hombres_indefinido_inicial,72651,24887,25.52,1706,72651,True,conservar,Nulidad manejable o columna relevante.,19.0 | 69.0 | 2.5
sepe_contratos_limpio.csv,hombres_temporal_inicial,72651,24887,25.52,1980,72651,False,conservar,Nulidad manejable o columna relevante.,159.0 | 305.0 | 7.0
sepe_contratos_limpio.csv,sector_servicios,72659,24879,25.51,2844,72659,False,conservar,Nulidad manejable o columna relevante.,179.0 | 786.0 | 11.0
sepe_contratos_limpio.csv,contratos_total,78643,18895,19.37,3239,78643,False,conservar,Nulidad manejable o columna relevante.,292.0 | 817.0 | 15.0
sepe_paro_limpio.csv,hombres_25_44,79420,18736,19.09,1815,79420,False,conservar,Nulidad manejable o columna relevante.,24.0 | 143.0 | 5.0
sepe_paro_limpio.csv,mujeres_25_44,81018,17138,17.46,2255,81018,False,conservar,Nulidad manejable o columna relevante.,25.0 | 258.0 | 6.0
sepe_paro_limpio.csv,hombres_45_mas,88783,9373,9.55,2270,88783,False,conservar,Nulidad manejable o columna relevante.,42.0 | 260.0 | 10.0
sepe_paro_limpio.csv,mujeres_45_mas,89026,9130,9.3,2822,89026,False,conservar,Nulidad manejable o columna relevante.,68.0 | 409.0 | 13.0
bcn_licencias_limpio.csv,id_bcn_2016,40034,3966,9.01,40034,40034,True,conservar,Nulidad manejable o columna relevante.,45538.0 | 16649.0 | 23980.0
bcn_seguridad_limpio.csv,causa_conductor,7636,436,5.4,15,0,False,conservar,Nulidad manejable o columna relevante.,No respectar distàncies | Manca d'atenció a la conducció | No respectat pas de vianants
sepe_paro_limpio.csv,sector_servicios,93723,4433,4.52,3818,93723,False,conservar,Nulidad manejable o columna relevante.,117.0 | 876.0 | 30.0
sepe_paro_limpio.csv,paro_total,94982,3174,3.23,4393,94982,False,conservar,Nulidad manejable o columna relevante.,161.0 | 1132.0 | 35.0
bcn_equipamientos_limpio.csv,values_attribute_id,2676,46,1.69,10,2676,True,conservar,Nulidad manejable o columna relevante.,20001.0 | 20001.0 | 20001.0
bcn_equipamientos_limpio.csv,values_attribute_name,2676,46,1.69,10,0,True,conservar,Nulidad manejable o columna relevante.,Tel. | Tel. | Tel.
bcn_equipamientos_limpio.csv,values_category,2676,46,1.69,1,0,True,conservar,Nulidad manejable o columna relevante.,Telèfons | Telèfons | Telèfons
bcn_equipamientos_limpio.csv,values_id,2676,46,1.69,1953,2676,True,conservar,Nulidad manejable o columna relevante.,635388.0 | 145599.0 | 145599.0
bcn_equipamientos_limpio.csv,values_outstanding,2676,46,1.69,2,2676,True,conservar,Nulidad manejable o columna relevante.,True | True | True
bcn_equipamientos_limpio.csv,values_value,2676,46,1.69,1862,1981,True,conservar,Nulidad manejable o columna relevante.,93 200 11 33 | 934368827 | 934368827
indicadores_limpios.csv,unit,250891,3126,1.23,6,0,False,conservar,Nulidad manejable o columna relevante.,EUR/MWh | EUR/MWh | EUR/MWh
bcn_zonas_verdes_limpio.csv,cat_nom_catala,33002,387,1.16,315,0,False,conservar,Nulidad manejable o columna relevante.,Pollancre gavatx | - | -
bcn_zonas_verdes_limpio.csv,cat_nom_castella,33036,353,1.06,326,0,False,conservar,Nulidad manejable o columna relevante.,Chopo lombardo | - | -
bcn_zonas_verdes_limpio.csv,espai_verd,33087,302,0.9,154,0,False,conservar,Nulidad manejable o columna relevante.,"Central de Nou Barris, Parc | Central de Nou Barris, Parc | Central de Nou Barris, Parc"
indicadores_limpios.csv,extracted_at,251963,2054,0.81,95,0,False,conservar,Nulidad manejable o columna relevante.,2026-05-14T00:48:52 | 2026-05-14T00:48:52 | 2026-05-14T00:48:52
sepe_contratos_limpio.csv,codigo_municipio,96923,615,0.63,8135,96923,True,conservar,Nulidad manejable o columna relevante.,15001.0 | 15002.0 | 15003.0
sepe_paro_limpio.csv,codigo_municipio,97533,623,0.63,8135,97533,True,conservar,Nulidad manejable o columna relevante.,15001.0 | 15002.0 | 15003.0
mitma_precio_m2_vivienda_limpio.csv,precio_m2_eur,24249,117,0.48,14907,24249,True,conservar,Nulidad manejable o columna relevante.,1477.4 | 1484.0 | 1145.8
bcn_turismo_limpio.csv,addresses_start_street_number,444,2,0.45,209,444,False,conservar,Nulidad manejable o columna relevante.,21.0 | 76.0 | 32.0
bcn_turismo_limpio.csv,values_attribute_id,444,2,0.45,6,444,True,conservar,Nulidad manejable o columna relevante.,20003.0 | 20003.0 | 20003.0
bcn_turismo_limpio.csv,values_attribute_name,444,2,0.45,6,0,True,conservar,Nulidad manejable o columna relevante.,Centraleta | Centraleta | Centraleta
bcn_turismo_limpio.csv,values_category,444,2,0.45,1,0,True,conservar,Nulidad manejable o columna relevante.,Telèfons | Telèfons | Telèfons
bcn_turismo_limpio.csv,values_id,444,2,0.45,444,444,True,conservar,Nulidad manejable o columna relevante.,139374.0 | 148679.0 | 139753.0
bcn_turismo_limpio.csv,values_outstanding,444,2,0.45,2,444,True,conservar,Nulidad manejable o columna relevante.,True | True | True
bcn_turismo_limpio.csv,values_value,444,2,0.45,436,394,True,conservar,Nulidad manejable o columna relevante.,933223215 | 934875989 | 932183355
bcn_zonas_verdes_limpio.csv,categoria_arbrat,33323,66,0.2,4,0,False,conservar,Nulidad manejable o columna relevante.,SEGONA | PRIMERA | PRIMERA
bcn_licencias_limpio.csv,porta,43918,82,0.19,104,43918,False,conservar,Nulidad manejable o columna relevante.,30.0 | 10.0 | 10.0
bcn_equipamientos_limpio.csv,addresses_district_name,2717,5,0.18,10,0,False,conservar,Nulidad manejable o columna relevante.,Sarrià-Sant Gervasi | Horta-Guinardó | Horta-Guinardó
bcn_equipamientos_limpio.csv,addresses_neighborhood_name,2717,5,0.18,73,0,False,conservar,Nulidad manejable o columna relevante.,Sant Gervasi - Galvany | el Guinardó | el Guinardó
bcn_equipamientos_limpio.csv,addresses_zip_code,2717,5,0.18,43,2717,False,conservar,Nulidad manejable o columna relevante.,8021.0 | 8041.0 | 8041.0
bcn_equipamientos_limpio.csv,addresses_district_id,2718,4,0.15,11,2718,True,conservar,Nulidad manejable o columna relevante.,5.0 | 7.0 | 7.0
bcn_equipamientos_limpio.csv,addresses_neighborhood_id,2718,4,0.15,74,2718,True,conservar,Nulidad manejable o columna relevante.,26.0 | 35.0 | 35.0
bcn_equipamientos_limpio.csv,addresses_road_id,2718,4,0.15,847,2718,True,conservar,Nulidad manejable o columna relevante.,278404.0 | 367402.0 | 367402.0
bcn_equipamientos_limpio.csv,addresses_road_name,2718,4,0.15,1149,0,False,conservar,Nulidad manejable o columna relevante.,Carrer de la Reina Victòria | Rambla de Volart | Rambla de Volart
bcn_equipamientos_limpio.csv,addresses_start_street_number,2718,4,0.15,402,2718,False,conservar,Nulidad manejable o columna relevante.,8.0 | 79.0 | 79.0
ine_limpio.csv,fecha,1058,1,0.09,259,0,True,conservar,Nulidad manejable o columna relevante.,2005-12-31 23:00:00 | 2006-01-31 23:00:00 | 2006-02-28 23:00:00
bcn_equipamientos_limpio.csv,addresses_town,2721,1,0.04,3,0,False,conservar,Nulidad manejable o columna relevante.,Barcelona | Barcelona | Barcelona
bcn_equipamientos_limpio.csv,geo_epgs_25831_x,2721,1,0.04,1816,2721,True,conservar,Nulidad manejable o columna relevante.,428092.938 | 431095.828 | 431095.828
bcn_equipamientos_limpio.csv,geo_epgs_25831_y,2721,1,0.04,1815,2721,True,conservar,Nulidad manejable o columna relevante.,4583193.044 | 4585391.379 | 4585391.379
bcn_equipamientos_limpio.csv,geo_epgs_4326_lat,2721,1,0.04,1816,2721,True,conservar,Nulidad manejable o columna relevante.,41.3970607319763 | 41.417123318291125 | 41.417123318291125
bcn_equipamientos_limpio.csv,geo_epgs_4326_lon,2721,1,0.04,1816,2721,True,conservar,Nulidad manejable o columna relevante.,2.1398183076058688 | 2.175486170509417 | 2.175486170509417
bcn_licencias_limpio.csv,num_policia_final,43991,9,0.02,876,43991,False,conservar,Nulidad manejable o columna relevante.,88.0 | 640.0 | 90.0
bcn_zonas_verdes_limpio.csv,tipus_reg,33387,2,0.01,9,0,False,conservar,Nulidad manejable o columna relevante.,GOTEIG AVARIAT | GOTEIG AVARIAT | GOTEIG AVARIAT
bcn_aire_limpio.csv,dataset_key,15041,0,0.0,1,0,True,conservar,Nulidad manejable o columna relevante.,bcn_aire | bcn_aire | bcn_aire
bcn_aire_limpio.csv,extraido_en,15041,0,0.0,1,0,True,conservar,Nulidad manejable o columna relevante.,2026-05-14T00:49:05 | 2026-05-14T00:49:05 | 2026-05-14T00:49:05
bcn_aire_limpio.csv,geom_wkt,15041,0,0.0,15041,0,True,conservar,Nulidad manejable o columna relevante.,"MultiLineString ((430229.78859372 4586585.19905775, 430181.87658409 4586593.70443592)) | MultiLineString ((432928.8982969 4584019.98762825, 432994.98396587 4583963.09304168)) | MultiLineString ((429953.2631029 4588161.44067207, 429981.4182434 4588174.24947826, 430025.29847637 4588196.06217914))"
bcn_aire_limpio.csv,id,15041,0,0.0,15041,15041,True,conservar,Nulidad manejable o columna relevante.,1 | 2 | 3
bcn_aire_limpio.csv,rang,15041,0,0.0,7,0,False,conservar,Nulidad manejable o columna relevante.,20-30 µg/m³ | 20-30 µg/m³ | 10-20 µg/m³
bcn_aire_limpio.csv,tram,15041,0,0.0,15041,0,False,conservar,Nulidad manejable o columna relevante.,T04719W | T19941Z | T18111R
bcn_aire_limpio.csv,variable_iseu,15041,0,0.0,1,0,True,conservar,Nulidad manejable o columna relevante.,Calidad del aire | Calidad del aire | Calidad del aire
bcn_alquiler_limpio.csv,extraido_en,1068,0,0.0,1,0,True,conservar,Nulidad manejable o columna relevante.,2026-05-14T00:57:27 | 2026-05-14T00:57:27 | 2026-05-14T00:57:27
bcn_alquiler_limpio.csv,fuente,1068,0,0.0,1,0,True,conservar,Nulidad manejable o columna relevante.,Open Data BCN | Open Data BCN | Open Data BCN
bcn_alquiler_limpio.csv,geometry_wkt,1068,0,0.0,1068,0,True,conservar,Nulidad manejable o columna relevante.,"MULTIPOLYGON (((431304.7731 4580691.553, 431303.85 4580690.06, 431259.02 4580617.44, 431283.62 4580602.53, 431270.81 458 | MULTIPOLYGON (((431050.9895 4581133.5904, 431058.4714 4581119.6324, 431046.9022 4581102.3804, 431045.5012 4581099.7594,  | MULTIPOLYGON (((430889.5604 4580894.5943, 430884.9863 4580881.0993, 430854.7696 4580799.7154, 430839.9802 4580751.5445, "
bcn_alquiler_limpio.csv,nota_calidad,1068,0,0.0,1,0,True,conservar,Nulidad manejable o columna relevante.,"Proxy: tasa/esfuerzo de alquiler por seccion censal, no renta mensual en euros. | Proxy: tasa/esfuerzo de alquiler por seccion censal, no renta mensual en euros. | Proxy: tasa/esfuerzo de alquiler por seccion censal, no renta mensual en euros."
bcn_alquiler_limpio.csv,percentil_alquiler,1068,0,0.0,4,0,False,conservar,Nulidad manejable o columna relevante.,60% - 80% | 60% - 80% | 60% - 80%
bcn_alquiler_limpio.csv,seccion_censal,1068,0,0.0,1068,1068,False,conservar,Nulidad manejable o columna relevante.,801901001 | 801901002 | 801901003
bcn_alquiler_limpio.csv,tasa_alquiler_renta,1068,0,0.0,1054,1068,False,conservar,Nulidad manejable o columna relevante.,0.38210072869 | 0.45492019364 | 0.42848758465
bcn_alquiler_limpio.csv,variable_iseu,1068,0,0.0,1,0,True,conservar,Nulidad manejable o columna relevante.,Precio alquiler medio | Precio alquiler medio | Precio alquiler medio
bcn_equipamientos_limpio.csv,addresses_main_address,2722,0,0.0,2,2722,False,conservar,Nulidad manejable o columna relevante.,True | True | True
bcn_equipamientos_limpio.csv,created,2722,0,0.0,1229,0,False,conservar,Nulidad manejable o columna relevante.,2024-11-11T10:44:08.237141 | 1996-09-18T00:00:00 | 1996-09-18T00:00:00
bcn_equipamientos_limpio.csv,dataset_key,2722,0,0.0,1,0,True,conservar,Nulidad manejable o columna relevante.,bcn_equipamientos | bcn_equipamientos | bcn_equipamientos
bcn_equipamientos_limpio.csv,extraido_en,2722,0,0.0,1,0,True,conservar,Nulidad manejable o columna relevante.,2026-05-14T00:49:55 | 2026-05-14T00:49:55 | 2026-05-14T00:49:55
bcn_equipamientos_limpio.csv,id,2722,0,0.0,2722,2722,True,conservar,Nulidad manejable o columna relevante.,1 | 2 | 3
bcn_equipamientos_limpio.csv,modified,2722,0,0.0,1995,0,False,conservar,Nulidad manejable o columna relevante.,2024-11-11T10:47:53.442315 | 2026-03-02T14:52:54.231534 | 2026-03-02T14:52:54.231534
bcn_equipamientos_limpio.csv,name,2722,0,0.0,1972,0,False,conservar,Nulidad manejable o columna relevante.,Aula d’Extensió Universitària C.I.C. de la Gent Gran | Centre Educatiu Castro de la Peña | Centre Educatiu Castro de la Peña
bcn_equipamientos_limpio.csv,register_id,2722,0,0.0,1995,0,True,conservar,Nulidad manejable o columna relevante.,﻿99400746644 | ﻿75990135841 | ﻿75990135841
bcn_equipamientos_limpio.csv,variable_iseu,2722,0,0.0,1,0,True,conservar,Nulidad manejable o columna relevante.,Acceso a salud | Acceso a salud | Acceso a salud
bcn_licencias_limpio.csv,codi_activitat_2016,44000,0,0.0,81,44000,True,conservar,Nulidad manejable o columna relevante.,333 | 333 | 222
bcn_licencias_limpio.csv,codi_activitat_2022,44000,0,0.0,81,44000,True,conservar,Nulidad manejable o columna relevante.,30 | 30 | 20
bcn_licencias_limpio.csv,codi_barri,44000,0,0.0,72,44000,True,conservar,Nulidad manejable o columna relevante.,16 | 65 | 27
bcn_licencias_limpio.csv,codi_districte,44000,0,0.0,10,44000,True,conservar,Nulidad manejable o columna relevante.,3 | 10 | 5
bcn_licencias_limpio.csv,codi_grup_activitat,44000,0,0.0,18,44000,True,conservar,Nulidad manejable o columna relevante.,0 | 0 | 0
bcn_licencias_limpio.csv,codi_illa,44000,0,0.0,3303,44000,True,conservar,Nulidad manejable o columna relevante.,72524 | 6910 | 31130
bcn_licencias_limpio.csv,codi_parcela,44000,0,0.0,115,44000,True,conservar,Nulidad manejable o columna relevante.,7 | 7 | 2
bcn_licencias_limpio.csv,codi_principal_activitat,44000,0,0.0,2,44000,True,conservar,Nulidad manejable o columna relevante.,0 | 0 | 0
bcn_licencias_limpio.csv,codi_sector_activitat,44000,0,0.0,3,44000,True,conservar,Nulidad manejable o columna relevante.,3 | 3 | 2
bcn_licencias_limpio.csv,codi_via,44000,0,0.0,2131,44000,True,conservar,Nulidad manejable o columna relevante.,142504 | 350308 | 28000
bcn_licencias_limpio.csv,data_revisio,44000,0,0.0,292,0,True,conservar,Nulidad manejable o columna relevante.,2023-05-16T00:00:00 | 2023-03-13T00:00:00 | 2023-07-05T00:00:00
bcn_licencias_limpio.csv,dataset_key,44000,0,0.0,1,0,True,conservar,Nulidad manejable o columna relevante.,bcn_licencias | bcn_licencias | bcn_licencias
bcn_licencias_limpio.csv,direccio_unica,44000,0,0.0,43885,0,False,conservar,Nulidad manejable o columna relevante.,"142504, 84-88, LOC 30 | 350308, 640-640, LOC 10 | 028000, 90-90, LOC 10"
bcn_licencias_limpio.csv,extraido_en,44000,0,0.0,1,0,True,conservar,Nulidad manejable o columna relevante.,2026-05-14T00:49:51 | 2026-05-14T00:49:51 | 2026-05-14T00:49:51
bcn_licencias_limpio.csv,id,44000,0,0.0,44000,44000,True,conservar,Nulidad manejable o columna relevante.,1 | 2 | 3
bcn_licencias_limpio.csv,id_global,44000,0,0.0,44000,0,True,conservar,Nulidad manejable o columna relevante.,5f158100-c0b8-45e2-8137-0294791bcbcf | 03a89603-7bb5-423f-b8b5-27c0e2f3b17b | aad63dad-4969-4eff-88cc-514e9e959edd
bcn_licencias_limpio.csv,latitud,44000,0,0.0,31603,44000,True,conservar,Nulidad manejable o columna relevante.,41.372246684 | 41.411501806 | 41.401005443
bcn_licencias_limpio.csv,longitud,44000,0,0.0,31225,44000,True,conservar,Nulidad manejable o columna relevante.,2.141149789 | 2.188547105 | 2.150384635
bcn_licencias_limpio.csv,nom_activitat,44000,0,0.0,78,0,False,conservar,Nulidad manejable o columna relevante.,Locals buits en venda i lloguer | Locals buits en venda i lloguer | Locals buits en lloguer
bcn_licencias_limpio.csv,nom_barri,44000,0,0.0,72,0,True,conservar,Nulidad manejable o columna relevante.,la Bordeta | el Clot | el Putxet i el Farró
bcn_licencias_limpio.csv,nom_districte,44000,0,0.0,10,0,True,conservar,Nulidad manejable o columna relevante.,Sants-Montjuïc | Sant Martí | Sarrià-Sant Gervasi
bcn_licencias_limpio.csv,nom_grup_activitat,44000,0,0.0,16,0,False,conservar,Nulidad manejable o columna relevante.,Grup no definit | Grup no definit | Grup no definit
bcn_licencias_limpio.csv,nom_local,44000,0,0.0,32436,70,False,conservar,Nulidad manejable o columna relevante.,SN | SN | SN
bcn_licencias_limpio.csv,nom_principal_activitat,44000,0,0.0,2,0,False,conservar,Nulidad manejable o columna relevante.,Sense activitat Econòmica | Sense activitat Econòmica | Sense activitat Econòmica
bcn_licencias_limpio.csv,nom_sector_activitat,44000,0,0.0,7,0,False,conservar,Nulidad manejable o columna relevante.,Locals buits en venda i lloguer | Locals buits en venda i lloguer | Locals buits en lloguer
bcn_licencias_limpio.csv,nom_via,44000,0,0.0,2131,0,False,conservar,Nulidad manejable o columna relevante.,GAIARRE | VALÈNCIA | VIA AUGUSTA
bcn_licencias_limpio.csv,num_policia_inicial,44000,0,0.0,875,44000,False,conservar,Nulidad manejable o columna relevante.,84 | 640 | 90
bcn_licencias_limpio.csv,planta,44000,0,0.0,1,0,False,revisar_constante,Columna casi constante; puede no aportar variabilidad.,LOC | LOC | LOC
bcn_licencias_limpio.csv,referencia_cadastral,44000,0,0.0,25564,0,False,conservar,Nulidad manejable o columna relevante.,8206307DF2880E | 2249707DF3824G | 9038702DF2893G
bcn_licencias_limpio.csv,seccio_censal,44000,0,0.0,180,44000,False,conservar,Nulidad manejable o columna relevante.,57 | 26 | 81
bcn_licencias_limpio.csv,sn_carrer,44000,0,0.0,2,0,False,conservar,Nulidad manejable o columna relevante.,Si | Si | Si
bcn_licencias_limpio.csv,sn_ccomercial,44000,0,0.0,2,0,False,conservar,Nulidad manejable o columna relevante.,No | No | No
bcn_licencias_limpio.csv,sn_coworking,44000,0,0.0,2,0,False,conservar,Nulidad manejable o columna relevante.,No | No | No
bcn_licencias_limpio.csv,sn_eix,44000,0,0.0,2,0,False,conservar,Nulidad manejable o columna relevante.,No | Si | No
bcn_licencias_limpio.csv,sn_galeria,44000,0,0.0,2,0,False,conservar,Nulidad manejable o columna relevante.,No | No | No
bcn_licencias_limpio.csv,sn_mercat,44000,0,0.0,2,0,False,conservar,Nulidad manejable o columna relevante.,No | No | No
bcn_licencias_limpio.csv,sn_mixtura,44000,0,0.0,2,0,False,conservar,Nulidad manejable o columna relevante.,No | No | No
bcn_licencias_limpio.csv,sn_obert24h,44000,0,0.0,2,0,False,conservar,Nulidad manejable o columna relevante.,No | No | No
bcn_licencias_limpio.csv,sn_oci_nocturn,44000,0,0.0,2,0,False,conservar,Nulidad manejable o columna relevante.,No | No | No
bcn_licencias_limpio.csv,sn_servei_degustacio,44000,0,0.0,2,0,False,conservar,Nulidad manejable o columna relevante.,No | No | No
bcn_licencias_limpio.csv,solar,43998,2,0.0,25562,43998,False,conservar,Nulidad manejable o columna relevante.,115760.0 | 124307.0 | 87046.0
bcn_licencias_limpio.csv,variable_iseu,44000,0,0.0,1,0,True,conservar,Nulidad manejable o columna relevante.,Licencias comerciales | Licencias comerciales | Licencias comerciales
bcn_licencias_limpio.csv,x_utm_etrs89,44000,0,0.0,43756,44000,True,conservar,Nulidad manejable o columna relevante.,428176.942 | 432181.485 | 428980.535
bcn_licencias_limpio.csv,y_utm_etrs89,44000,0,0.0,43745,44000,True,conservar,Nulidad manejable o columna relevante.,4580437.121 | 4584756.976 | 4583622.265
bcn_movilidad_limpio.csv,bikesinusage,8055,0,0.0,743,8055,False,conservar,Nulidad manejable o columna relevante.,50 | 47 | 50
bcn_movilidad_limpio.csv,dataset_key,8055,0,0.0,1,0,True,conservar,Nulidad manejable o columna relevante.,bcn_movilidad | bcn_movilidad | bcn_movilidad
bcn_movilidad_limpio.csv,datetime,8055,0,0.0,8055,0,False,conservar,Nulidad manejable o columna relevante.,2019-01-01T00:00:11 | 2019-01-01T00:05:12 | 2019-01-01T00:10:12
bcn_movilidad_limpio.csv,electricalbikesinusage,8055,0,0.0,23,8055,False,conservar,Nulidad manejable o columna relevante.,0 | 0 | 0
bcn_movilidad_limpio.csv,error,8055,0,0.0,1,8055,False,conservar,Nulidad manejable o columna relevante.,0 | 0 | 0
bcn_movilidad_limpio.csv,extraido_en,8055,0,0.0,1,0,True,conservar,Nulidad manejable o columna relevante.,2026-05-14T00:49:25 | 2026-05-14T00:49:25 | 2026-05-14T00:49:25
bcn_movilidad_limpio.csv,id,8055,0,0.0,8055,8055,True,conservar,Nulidad manejable o columna relevante.,1 | 2 | 3
bcn_movilidad_limpio.csv,mechanicalbikesinusage,8055,0,0.0,744,8055,False,conservar,Nulidad manejable o columna relevante.,50 | 47 | 50
bcn_movilidad_limpio.csv,variable_iseu,8055,0,0.0,1,0,True,conservar,Nulidad manejable o columna relevante.,Movilidad urbana | Movilidad urbana | Movilidad urbana
bcn_poblacion_limpio.csv,aeb,2136,0,0.0,233,2136,False,conservar,Nulidad manejable o columna relevante.,1 | 1 | 1
bcn_poblacion_limpio.csv,codi_barri,2136,0,0.0,73,2136,True,conservar,Nulidad manejable o columna relevante.,1 | 1 | 1
bcn_poblacion_limpio.csv,codi_districte,2136,0,0.0,10,2136,True,conservar,Nulidad manejable o columna relevante.,1 | 1 | 1
bcn_poblacion_limpio.csv,data_referencia,2136,0,0.0,1,0,True,conservar,Nulidad manejable o columna relevante.,2025-01-01T00:00:00 | 2025-01-01T00:00:00 | 2025-01-01T00:00:00
bcn_poblacion_limpio.csv,dataset_key,2136,0,0.0,1,0,True,conservar,Nulidad manejable o columna relevante.,bcn_poblacion | bcn_poblacion | bcn_poblacion
bcn_poblacion_limpio.csv,extraido_en,2136,0,0.0,1,0,True,conservar,Nulidad manejable o columna relevante.,2026-05-14T00:50:08 | 2026-05-14T00:50:08 | 2026-05-14T00:50:08
bcn_poblacion_limpio.csv,id,2136,0,0.0,2136,2136,True,conservar,Nulidad manejable o columna relevante.,1 | 2 | 3
bcn_poblacion_limpio.csv,nom_barri,2136,0,0.0,73,0,True,conservar,Nulidad manejable o columna relevante.,el Raval | el Raval | el Raval
bcn_poblacion_limpio.csv,nom_districte,2136,0,0.0,10,0,True,conservar,Nulidad manejable o columna relevante.,Ciutat Vella | Ciutat Vella | Ciutat Vella
bcn_poblacion_limpio.csv,seccio_censal,2136,0,0.0,1068,2136,False,conservar,Nulidad manejable o columna relevante.,1001 | 1001 | 1002
bcn_poblacion_limpio.csv,sexe,2136,0,0.0,2,2136,False,conservar,Nulidad manejable o columna relevante.,1 | 2 | 1
bcn_poblacion_limpio.csv,valor,2136,0,0.0,722,2136,True,conservar,Nulidad manejable o columna relevante.,678 | 741 | 636
bcn_poblacion_limpio.csv,variable_iseu,2136,0,0.0,1,0,True,conservar,Nulidad manejable o columna relevante.,Población distritos | Población distritos | Población distritos
bcn_seguridad_limpio.csv,codi_barri,8072,0,0.0,73,8072,True,conservar,Nulidad manejable o columna relevante.,1 | 1 | 1
bcn_seguridad_limpio.csv,codi_carrer,8072,0,0.0,1036,8072,True,conservar,Nulidad manejable o columna relevante.,198804 | 254803 | 254803
bcn_seguridad_limpio.csv,codi_districte,8072,0,0.0,10,8072,True,conservar,Nulidad manejable o columna relevante.,1 | 1 | 1
bcn_seguridad_limpio.csv,coordenada_utm_x_ed50,8072,0,0.0,4993,8072,True,conservar,Nulidad manejable o columna relevante.,430843.618 | 430453.561 | 430453.561
bcn_seguridad_limpio.csv,coordenada_utm_y_ed50,8072,0,0.0,4995,8072,True,conservar,Nulidad manejable o columna relevante.,4580926.531 | 4581623.91 | 4581623.91
bcn_seguridad_limpio.csv,dataset_key,8072,0,0.0,1,0,True,conservar,Nulidad manejable o columna relevante.,bcn_seguridad | bcn_seguridad | bcn_seguridad
bcn_seguridad_limpio.csv,descripcio_dia_setmana,8072,0,0.0,7,0,False,conservar,Nulidad manejable o columna relevante.,Diumenge | Dijous | Dijous
bcn_seguridad_limpio.csv,descripcio_torn,8072,0,0.0,3,0,False,conservar,Nulidad manejable o columna relevante.,Tarda | Nit | Nit
bcn_seguridad_limpio.csv,dia_mes,8072,0,0.0,31,8072,True,conservar,Nulidad manejable o columna relevante.,5 | 9 | 9
bcn_seguridad_limpio.csv,extraido_en,8072,0,0.0,1,0,True,conservar,Nulidad manejable o columna relevante.,2026-05-14T00:50:01 | 2026-05-14T00:50:01 | 2026-05-14T00:50:01
bcn_seguridad_limpio.csv,hora_dia,8072,0,0.0,24,8072,False,conservar,Nulidad manejable o columna relevante.,14 | 23 | 23
bcn_seguridad_limpio.csv,id,8072,0,0.0,8072,8072,True,conservar,Nulidad manejable o columna relevante.,1 | 2 | 3
bcn_seguridad_limpio.csv,latitud_wgs84,8072,0,0.0,4996,8072,True,conservar,Nulidad manejable o columna relevante.,41.37503971 | 41.38128717 | 41.38128717
bcn_seguridad_limpio.csv,longitud_wgs84,8072,0,0.0,4991,8072,True,conservar,Nulidad manejable o columna relevante.,2.17187632 | 2.16713227 | 2.16713227
bcn_seguridad_limpio.csv,mes_any,8072,0,0.0,12,8072,True,conservar,Nulidad manejable o columna relevante.,1 | 1 | 1
bcn_seguridad_limpio.csv,nk_any,8072,0,0.0,1,8072,True,conservar,Nulidad manejable o columna relevante.,2025 | 2025 | 2025
bcn_seguridad_limpio.csv,nom_barri,8072,0,0.0,73,0,True,conservar,Nulidad manejable o columna relevante.,el Raval | el Raval | el Raval
bcn_seguridad_limpio.csv,nom_carrer,8072,0,0.0,1004,0,False,conservar,Nulidad manejable o columna relevante.,Paral·lel | Peu de la Creu | Peu de la Creu
bcn_seguridad_limpio.csv,nom_districte,8072,0,0.0,10,0,True,conservar,Nulidad manejable o columna relevante.,Ciutat Vella | Ciutat Vella | Ciutat Vella
bcn_seguridad_limpio.csv,nom_mes,8072,0,0.0,12,0,True,conservar,Nulidad manejable o columna relevante.,Gener | Gener | Gener
bcn_seguridad_limpio.csv,numero_expedient,8072,0,0.0,7741,0,False,conservar,Nulidad manejable o columna relevante.,2025S000065 | 2025S000133 | 2025S000133
bcn_seguridad_limpio.csv,variable_iseu,8072,0,0.0,1,0,True,conservar,Nulidad manejable o columna relevante.,Seguridad ciudadana | Seguridad ciudadana | Seguridad ciudadana
bcn_transporte_limpio.csv,codi_tarifa,27,0,0.0,27,0,True,conservar,Nulidad manejable o columna relevante.,A | B | C
bcn_transporte_limpio.csv,dataset_key,27,0,0.0,1,0,True,conservar,Nulidad manejable o columna relevante.,bcn_transporte | bcn_transporte | bcn_transporte
bcn_transporte_limpio.csv,desc_curta,27,0,0.0,24,0,False,conservar,Nulidad manejable o columna relevante.,"2,50 E/h <= 2h | 2,25 E/h <= 2h | 1,96 E/h <= 3h"
bcn_transporte_limpio.csv,descripcio,27,0,0.0,24,0,False,conservar,Nulidad manejable o columna relevante.,"2,50 euros/hora Temp.max Est. 2 hores | 2,25 euros/hora Temp.max Est. 2 hores | 1,96 euros/hora Temp.max Est. 3 hores"
bcn_transporte_limpio.csv,extraido_en,27,0,0.0,1,0,True,conservar,Nulidad manejable o columna relevante.,2026-05-14T00:50:04 | 2026-05-14T00:50:04 | 2026-05-14T00:50:04
bcn_transporte_limpio.csv,id,27,0,0.0,27,27,True,conservar,Nulidad manejable o columna relevante.,1 | 2 | 3
bcn_transporte_limpio.csv,id_tarifa,27,0,0.0,27,27,True,conservar,Nulidad manejable o columna relevante.,46 | 47 | 48
bcn_transporte_limpio.csv,id_tipus_configuracio,27,0,0.0,8,27,True,conservar,Nulidad manejable o columna relevante.,1 | 1 | 1
bcn_transporte_limpio.csv,id_tipus_tarifa,27,0,0.0,8,27,True,conservar,Nulidad manejable o columna relevante.,1 | 1 | 1
bcn_transporte_limpio.csv,import_fraccio,27,0,0.0,15,27,True,conservar,Nulidad manejable o columna relevante.,2.5 | 2.25 | 1.96
bcn_transporte_limpio.csv,import_maxim,27,0,0.0,19,27,True,conservar,Nulidad manejable o columna relevante.,5.0 | 4.5 | 5.88
bcn_transporte_limpio.csv,temps_maxim,27,0,0.0,9,27,False,conservar,Nulidad manejable o columna relevante.,2 | 2 | 3
bcn_transporte_limpio.csv,temps_minim,27,0,0.0,2,27,False,conservar,Nulidad manejable o columna relevante.,0 | 0 | 0
bcn_transporte_limpio.csv,tipus_fraccio,27,0,0.0,3,27,False,conservar,Nulidad manejable o columna relevante.,1 | 1 | 1
bcn_transporte_limpio.csv,variable_iseu,27,0,0.0,1,0,True,conservar,Nulidad manejable o columna relevante.,Coste movilidad urbana | Coste movilidad urbana | Coste movilidad urbana
bcn_turismo_limpio.csv,addresses_district_id,446,0,0.0,10,446,True,conservar,Nulidad manejable o columna relevante.,4 | 2 | 5
bcn_turismo_limpio.csv,addresses_district_name,446,0,0.0,10,0,False,conservar,Nulidad manejable o columna relevante.,Les Corts | Eixample | Sarrià-Sant Gervasi
bcn_turismo_limpio.csv,addresses_main_address,446,0,0.0,1,446,False,conservar,Nulidad manejable o columna relevante.,True | True | True
bcn_turismo_limpio.csv,addresses_neighborhood_id,446,0,0.0,45,446,True,conservar,Nulidad manejable o columna relevante.,19 | 7 | 27
bcn_turismo_limpio.csv,addresses_neighborhood_name,446,0,0.0,45,0,False,conservar,Nulidad manejable o columna relevante.,les Corts | la Dreta de l'Eixample | el Putxet i el Farró
bcn_turismo_limpio.csv,addresses_road_id,446,0,0.0,211,446,True,conservar,Nulidad manejable o columna relevante.,180900 | 74506 | 179708
bcn_turismo_limpio.csv,addresses_road_name,446,0,0.0,250,0,False,conservar,Nulidad manejable o columna relevante.,C Loreto | Rbla Catalunya | Carrer de Lincoln
bcn_turismo_limpio.csv,addresses_town,446,0,0.0,2,0,False,conservar,Nulidad manejable o columna relevante.,BARCELONA | BARCELONA | Barcelona
bcn_turismo_limpio.csv,addresses_zip_code,446,0,0.0,38,446,False,conservar,Nulidad manejable o columna relevante.,8029 | 8008 | 8006
bcn_turismo_limpio.csv,created,446,0,0.0,312,0,False,conservar,Nulidad manejable o columna relevante.,1996-09-18T00:00:00 | 1996-09-18T00:00:00 | 1996-09-18T00:00:00
bcn_turismo_limpio.csv,dataset_key,446,0,0.0,1,0,True,conservar,Nulidad manejable o columna relevante.,bcn_turismo | bcn_turismo | bcn_turismo
bcn_turismo_limpio.csv,extraido_en,446,0,0.0,1,0,True,conservar,Nulidad manejable o columna relevante.,2026-05-14T00:49:19 | 2026-05-14T00:49:19 | 2026-05-14T00:49:19
bcn_turismo_limpio.csv,geo_epgs_25831_x,446,0,0.0,440,446,True,conservar,Nulidad manejable o columna relevante.,428266.13815732615 | 429958.1546589917 | 428807.379
bcn_turismo_limpio.csv,geo_epgs_25831_y,446,0,0.0,440,446,True,conservar,Nulidad manejable o columna relevante.,4582385.377463384 | 4582638.782345727 | 4583689.236
bcn_turismo_limpio.csv,geo_epgs_4326_lat,446,0,0.0,440,446,True,conservar,Nulidad manejable o columna relevante.,41.38980186410714 | 41.39223331674776 | 41.40159331152714
bcn_turismo_limpio.csv,geo_epgs_4326_lon,446,0,0.0,440,446,True,conservar,Nulidad manejable o columna relevante.,2.141985641711951 | 2.162192579213957 | 2.148305485811022
bcn_turismo_limpio.csv,id,446,0,0.0,446,446,True,conservar,Nulidad manejable o columna relevante.,1 | 2 | 3
bcn_turismo_limpio.csv,modified,446,0,0.0,446,0,False,conservar,Nulidad manejable o columna relevante.,2023-10-03T10:44:21.390375 | 2023-10-03T10:17:19.153238 | 2026-04-30T11:02:13.257447
bcn_turismo_limpio.csv,name,446,0,0.0,446,0,False,conservar,Nulidad manejable o columna relevante.,Hotel Derby - HB-002794 | HCC Hotel Regente - HB-002057 | Aparthotel Augusta - HB-003712
bcn_turismo_limpio.csv,register_id,446,0,0.0,446,0,True,conservar,Nulidad manejable o columna relevante.,﻿75990076583 | ﻿75990281450 | ﻿75990075998
bcn_turismo_limpio.csv,secondary_filters_asia_id,446,0,0.0,5,446,True,conservar,Nulidad manejable o columna relevante.,65103001000001 | 65103001000001 | 65103001000002
bcn_turismo_limpio.csv,secondary_filters_fullpath,446,0,0.0,5,0,False,conservar,Nulidad manejable o columna relevante.,Planol BCN >> Allotjament >> Hotels >> Hotels 4 estr. | Planol BCN >> Allotjament >> Hotels >> Hotels 4 estr. | Planol BCN >> Allotjament >> Hotels >> Hotels 3 estr.
bcn_turismo_limpio.csv,secondary_filters_id,446,0,0.0,5,446,True,conservar,Nulidad manejable o columna relevante.,54731069 | 54731069 | 54731070
bcn_turismo_limpio.csv,secondary_filters_name,446,0,0.0,5,0,False,conservar,Nulidad manejable o columna relevante.,Hotels 4 estr. | Hotels 4 estr. | Hotels 3 estr.
bcn_turismo_limpio.csv,secondary_filters_tree,446,0,0.0,1,446,False,conservar,Nulidad manejable o columna relevante.,651 | 651 | 651
bcn_turismo_limpio.csv,variable_iseu,446,0,0.0,1,0,True,conservar,Nulidad manejable o columna relevante.,Turismo (nº visitantes) | Turismo (nº visitantes) | Turismo (nº visitantes)
bcn_zonas_verdes_limpio.csv,adreca,33389,0,0.0,605,0,False,conservar,Nulidad manejable o columna relevante.,"Pg Fabra i Puig, 450 | Pg Fabra i Puig, 450 | Pg Fabra i Puig, 450"
bcn_zonas_verdes_limpio.csv,cat_especie_id,33389,0,0.0,383,33389,True,conservar,Nulidad manejable o columna relevante.,152 | 2336 | 2336
bcn_zonas_verdes_limpio.csv,cat_nom_cientific,33389,0,0.0,383,0,False,conservar,Nulidad manejable o columna relevante.,Populus nigra 'Italica' | Fraxinus angustifolia 'Raywood' | Fraxinus angustifolia 'Raywood'
bcn_zonas_verdes_limpio.csv,codi,33389,0,0.0,33389,0,True,conservar,Nulidad manejable o columna relevante.,0000024AR | 0000025AR | 0000028AR
bcn_zonas_verdes_limpio.csv,codi_barri,33389,0,0.0,52,33389,True,conservar,Nulidad manejable o columna relevante.,48 | 48 | 48
bcn_zonas_verdes_limpio.csv,codi_districte,33389,0,0.0,10,33389,True,conservar,Nulidad manejable o columna relevante.,8 | 8 | 8
bcn_zonas_verdes_limpio.csv,dataset_key,33389,0,0.0,1,0,True,conservar,Nulidad manejable o columna relevante.,bcn_zonas_verdes | bcn_zonas_verdes | bcn_zonas_verdes
bcn_zonas_verdes_limpio.csv,extraido_en,33389,0,0.0,1,0,True,conservar,Nulidad manejable o columna relevante.,2026-05-14T00:49:16 | 2026-05-14T00:49:16 | 2026-05-14T00:49:16
bcn_zonas_verdes_limpio.csv,geom,33389,0,0.0,33359,0,True,conservar,Nulidad manejable o columna relevante.,POINT (430266.320389286 4587634.30999226) | POINT (430270.561661092 4587637.99844993) | POINT (430278.452565526 4587643.70285161)
bcn_zonas_verdes_limpio.csv,latitud,33389,0,0.0,32205,33389,True,conservar,Nulidad manejable o columna relevante.,41.437253 | 41.4372866 | 41.4373386
bcn_zonas_verdes_limpio.csv,longitud,33389,0,0.0,32528,33389,True,conservar,Nulidad manejable o columna relevante.,2.1653025 | 2.1653528 | 2.1654466
bcn_zonas_verdes_limpio.csv,nom_barri,33389,0,0.0,52,0,True,conservar,Nulidad manejable o columna relevante.,LA GUINEUETA | LA GUINEUETA | LA GUINEUETA
bcn_zonas_verdes_limpio.csv,nom_districte,33389,0,0.0,10,0,True,conservar,Nulidad manejable o columna relevante.,NOU BARRIS | NOU BARRIS | NOU BARRIS
bcn_zonas_verdes_limpio.csv,tipus_element,33389,0,0.0,2,0,False,conservar,Nulidad manejable o columna relevante.,ARBRE PARC | ARBRE PARC | ARBRE PARC
bcn_zonas_verdes_limpio.csv,variable_iseu,33389,0,0.0,1,0,True,conservar,Nulidad manejable o columna relevante.,Zonas verdes por habitante | Zonas verdes por habitante | Zonas verdes por habitante
bcn_zonas_verdes_limpio.csv,x_etrs89,33389,0,0.0,33081,33389,False,conservar,Nulidad manejable o columna relevante.,430266.32 | 430270.562 | 430278.453
bcn_zonas_verdes_limpio.csv,y_etrs89,33389,0,0.0,33097,33389,False,conservar,Nulidad manejable o columna relevante.,4587634.31 | 4587637.998 | 4587643.703
idescat_limpio.csv,actualizado,13,0,0.0,7,0,False,conservar,Nulidad manejable o columna relevante.,2026-02-25T11:00:00+00:00 | 2025-05-07T10:00:00+00:00 | 2025-12-11T11:00:00+00:00
idescat_limpio.csv,barcelona,13,0,0.0,13,13,True,conservar,Nulidad manejable o columna relevante.,1713247.0 | 15.91 | 73729.4
idescat_limpio.csv,catalunya,13,0,0.0,13,13,False,conservar,Nulidad manejable o columna relevante.,8124126.0 | 13.87 | 204236.1
idescat_limpio.csv,clave_config,13,0,0.0,13,0,False,conservar,Nulidad manejable o columna relevante.,poblacion | crecimiento_poblacion | vab_servicios
idescat_limpio.csv,columnas,13,0,0.0,1,0,False,revisar_constante,Columna casi constante; puede no aportar variabilidad.,"['Barcelona', 'Barcelonès', 'Catalunya'] | ['Barcelona', 'Barcelonès', 'Catalunya'] | ['Barcelona', 'Barcelonès', 'Catalunya']"
idescat_limpio.csv,comarca,13,0,0.0,13,13,False,conservar,Nulidad manejable o columna relevante.,2398280.0 | 18.51 | 85588.4
idescat_limpio.csv,extraido_en,13,0,0.0,1,0,True,conservar,Nulidad manejable o columna relevante.,2026-05-14T00:51:43 | 2026-05-14T00:51:43 | 2026-05-14T00:51:43
idescat_limpio.csv,fuente_idescat,13,0,0.0,7,0,True,conservar,Nulidad manejable o columna relevante.,"Idescat, a partir del Cens de població anual de l'INE. | Idescat. Indicadors demogràfics. | Idescat."
idescat_limpio.csv,indicador_id,13,0,0.0,13,0,True,conservar,Nulidad manejable o columna relevante.,f171 | f53 | f197
idescat_limpio.csv,nombre,13,0,0.0,11,0,False,conservar,Nulidad manejable o columna relevante.,Total | Creixement total | Serveis
idescat_limpio.csv,referencia,13,0,0.0,4,8,False,conservar,Nulidad manejable o columna relevante.,2025 | 2024 | 2023 (p)
idescat_limpio.csv,valores_raw,13,0,0.0,13,0,True,conservar,Nulidad manejable o columna relevante.,"1713247,2398280,8124126 | 15.91,18.51,13.87 | 73729.4,85588.4,204236.1"
idescat_limpio.csv,variable_iseu,13,0,0.0,10,0,True,conservar,Nulidad manejable o columna relevante.,Población | Crecimiento población | PIB regional
indicadores_limpios.csv,dataset,254017,0,0.0,28,0,True,conservar,Nulidad manejable o columna relevante.,ipc_general_barcelona | ipc_general_barcelona | ipc_general_barcelona
indicadores_limpios.csv,geo,254017,0,0.0,9799,1068,True,conservar,Nulidad manejable o columna relevante.,España | España | España
indicadores_limpios.csv,metric,254017,0,0.0,27,0,False,conservar,Nulidad manejable o columna relevante.,Nacional. Índice general. Índice. | Nacional. Índice general. Índice. | Nacional. Índice general. Índice.
indicadores_limpios.csv,notes,254017,0,0.0,8,0,False,conservar,Nulidad manejable o columna relevante.,Serie INE normalizada desde API Tempus. | Serie INE normalizada desde API Tempus. | Serie INE normalizada desde API Tempus.
indicadores_limpios.csv,period,254016,1,0.0,56949,1076,True,conservar,Nulidad manejable o columna relevante.,2005-12-31 | 2006-01-31 | 2006-02-28
indicadores_limpios.csv,quality,254017,0,0.0,2,0,False,conservar,Nulidad manejable o columna relevante.,media | media | media
indicadores_limpios.csv,raw_file,254017,0,0.0,9,0,False,conservar,Nulidad manejable o columna relevante.,api_clients\data\ine\ine_raw.csv | api_clients\data\ine\ine_raw.csv | api_clients\data\ine\ine_raw.csv
indicadores_limpios.csv,source,254017,0,0.0,6,0,False,conservar,Nulidad manejable o columna relevante.,INE | INE | INE
indicadores_limpios.csv,value,254017,0,0.0,23914,254017,True,conservar,Nulidad manejable o columna relevante.,79.234 | 79.272 | 79.833
indicadores_limpios.csv,variable,254017,0,0.0,23,0,True,conservar,Nulidad manejable o columna relevante.,Índice general IPC | Índice general IPC | Índice general IPC
ine_limpio.csv,clave_config,1059,0,0.0,8,0,False,conservar,Nulidad manejable o columna relevante.,ipc_general_barcelona | ipc_general_barcelona | ipc_general_barcelona
ine_limpio.csv,extraido_en,1059,0,0.0,4,0,True,conservar,Nulidad manejable o columna relevante.,2026-05-14T00:48:52 | 2026-05-14T00:48:52 | 2026-05-14T00:48:52
ine_limpio.csv,fuente,1059,0,0.0,1,0,True,conservar,Nulidad manejable o columna relevante.,INE | INE | INE
ine_limpio.csv,nombre,1059,0,0.0,8,0,False,conservar,Nulidad manejable o columna relevante.,Nacional. Índice general. Índice. | Nacional. Índice general. Índice. | Nacional. Índice general. Índice.
ine_limpio.csv,serie_id,1059,0,0.0,8,0,True,conservar,Nulidad manejable o columna relevante.,IPC251852 | IPC251852 | IPC251852
ine_limpio.csv,valor,1059,0,0.0,862,1059,True,conservar,Nulidad manejable o columna relevante.,79.234 | 79.272 | 79.833
ine_limpio.csv,variable_iseu,1059,0,0.0,8,0,True,conservar,Nulidad manejable o columna relevante.,Índice general IPC | Índice general IPC | Índice general IPC
mitma_precio_m2_vivienda_limpio.csv,anio,24366,0,0.0,21,24366,True,conservar,Nulidad manejable o columna relevante.,2005 | 2005 | 2005
mitma_precio_m2_vivienda_limpio.csv,extraido_en,24366,0,0.0,24,0,True,conservar,Nulidad manejable o columna relevante.,2026-05-14T00:57:04 | 2026-05-14T00:57:04 | 2026-05-14T00:57:04
mitma_precio_m2_vivienda_limpio.csv,fuente,24366,0,0.0,1,0,True,conservar,Nulidad manejable o columna relevante.,MITMA/MIVAU | MITMA/MIVAU | MITMA/MIVAU
mitma_precio_m2_vivienda_limpio.csv,municipio,24366,0,0.0,306,0,True,conservar,Nulidad manejable o columna relevante.,Almería | Roquetas de Mar | Ejido (El)
mitma_precio_m2_vivienda_limpio.csv,periodo,24366,0,0.0,84,0,True,conservar,Nulidad manejable o columna relevante.,2005-T1 | 2005-T1 | 2005-T1
mitma_precio_m2_vivienda_limpio.csv,provincia,24366,0,0.0,54,0,True,conservar,Nulidad manejable o columna relevante.,Almería | Almería | Almería
mitma_precio_m2_vivienda_limpio.csv,tasaciones,24366,0,0.0,1682,24366,False,conservar,Nulidad manejable o columna relevante.,867.0 | 773.0 | 513.0
mitma_precio_m2_vivienda_limpio.csv,trimestre,24366,0,0.0,4,24366,True,conservar,Nulidad manejable o columna relevante.,1 | 1 | 1
mitma_precio_m2_vivienda_limpio.csv,variable_iseu,24366,0,0.0,1,0,True,conservar,Nulidad manejable o columna relevante.,Precio vivienda m2 | Precio vivienda m2 | Precio vivienda m2
ree_demanda_limpio.csv,concepto,29,0,0.0,1,0,False,revisar_constante,Columna casi constante; puede no aportar variabilidad.,Demanda | Demanda | Demanda
ree_demanda_limpio.csv,extraido_en,29,0,0.0,28,0,True,conservar,Nulidad manejable o columna relevante.,2026-05-14T00:51:04 | 2026-05-14T00:51:06 | 2026-05-14T00:51:07
ree_demanda_limpio.csv,fecha,29,0,0.0,29,0,True,conservar,Nulidad manejable o columna relevante.,2023-12-31 23:00:00+00:00 | 2024-01-31 23:00:00+00:00 | 2024-02-29 23:00:00+00:00
ree_demanda_limpio.csv,valor_mwh,29,0,0.0,29,29,True,conservar,Nulidad manejable o columna relevante.,22353571.734 | 20335524.431 | 20714646.058
ree_demanda_limpio.csv,variable_iseu,29,0,0.0,1,0,True,conservar,Nulidad manejable o columna relevante.,Consumo eléctrico industrial | Consumo eléctrico industrial | Consumo eléctrico industrial
ree_precios_limpio.csv,concepto,77323,0,0.0,2,0,False,conservar,Nulidad manejable o columna relevante.,PVPC | PVPC | PVPC
ree_precios_limpio.csv,extraido_en,77323,0,0.0,27,0,True,conservar,Nulidad manejable o columna relevante.,2026-05-14T00:50:10 | 2026-05-14T00:50:10 | 2026-05-14T00:50:10
ree_precios_limpio.csv,fecha,77323,0,0.0,56588,0,True,conservar,Nulidad manejable o columna relevante.,2023-12-31 23:00:00+00:00 | 2024-01-01 00:00:00+00:00 | 2024-01-01 01:00:00+00:00
ree_precios_limpio.csv,tipo,77323,0,0.0,2,0,False,conservar,Nulidad manejable o columna relevante.,PVPC | PVPC | PVPC
ree_precios_limpio.csv,valor_eur_mwh,77323,0,0.0,17822,77323,True,conservar,Nulidad manejable o columna relevante.,123.83 | 111.11 | 110.77
ree_precios_limpio.csv,variable_iseu,77323,0,0.0,1,0,True,conservar,Nulidad manejable o columna relevante.,Precio electricidad | Precio electricidad | Precio electricidad
sepe_contratos_limpio.csv,anio,97538,0,0.0,2,97538,True,conservar,Nulidad manejable o columna relevante.,2025 | 2025 | 2025
sepe_contratos_limpio.csv,contiene_valores_censurados,97538,0,0.0,2,97538,True,conservar,Nulidad manejable o columna relevante.,True | False | True
sepe_contratos_limpio.csv,es_total_provincia,97538,0,0.0,2,97538,True,conservar,Nulidad manejable o columna relevante.,False | False | False
sepe_contratos_limpio.csv,extraido_en,97538,0,0.0,12,0,True,conservar,Nulidad manejable o columna relevante.,2026-05-14T00:51:47 | 2026-05-14T00:51:47 | 2026-05-14T00:51:47
sepe_contratos_limpio.csv,fuente,97538,0,0.0,1,0,True,conservar,Nulidad manejable o columna relevante.,SEPE | SEPE | SEPE
sepe_contratos_limpio.csv,mes,97538,0,0.0,12,97538,True,conservar,Nulidad manejable o columna relevante.,5 | 5 | 5
sepe_contratos_limpio.csv,municipio,97538,0,0.0,8130,0,True,conservar,Nulidad manejable o columna relevante.,ABEGONDO | AMES | ARANGA
sepe_contratos_limpio.csv,periodo,97538,0,0.0,12,0,True,conservar,Nulidad manejable o columna relevante.,2025-05 | 2025-05 | 2025-05
sepe_contratos_limpio.csv,provincia,97538,0,0.0,58,0,True,conservar,Nulidad manejable o columna relevante.,A Coruña | A Coruña | A Coruña
sepe_contratos_limpio.csv,tipo,97538,0,0.0,1,0,False,revisar_constante,Columna casi constante; puede no aportar variabilidad.,contratos | contratos | contratos
sepe_contratos_limpio.csv,url_fuente,97538,0,0.0,12,0,True,conservar,Nulidad manejable o columna relevante.,https://www.sepe.es/HomeSepe/dam/jcr:1908d5f0-0f79-4869-b2bc-1054a5fee94c/ESTADISTICA_MUNICIPIOS.xls | https://www.sepe.es/HomeSepe/dam/jcr:1908d5f0-0f79-4869-b2bc-1054a5fee94c/ESTADISTICA_MUNICIPIOS.xls | https://www.sepe.es/HomeSepe/dam/jcr:1908d5f0-0f79-4869-b2bc-1054a5fee94c/ESTADISTICA_MUNICIPIOS.xls
sepe_paro_limpio.csv,anio,98156,0,0.0,2,98156,True,conservar,Nulidad manejable o columna relevante.,2025 | 2025 | 2025
sepe_paro_limpio.csv,contiene_valores_censurados,98156,0,0.0,2,98156,True,conservar,Nulidad manejable o columna relevante.,True | False | True
sepe_paro_limpio.csv,es_total_provincia,98156,0,0.0,2,98156,True,conservar,Nulidad manejable o columna relevante.,False | False | False
sepe_paro_limpio.csv,extraido_en,98156,0,0.0,12,0,True,conservar,Nulidad manejable o columna relevante.,2026-05-14T00:51:47 | 2026-05-14T00:51:47 | 2026-05-14T00:51:47
sepe_paro_limpio.csv,fuente,98156,0,0.0,1,0,True,conservar,Nulidad manejable o columna relevante.,SEPE | SEPE | SEPE
sepe_paro_limpio.csv,mes,98156,0,0.0,12,98156,True,conservar,Nulidad manejable o columna relevante.,5 | 5 | 5
sepe_paro_limpio.csv,municipio,98156,0,0.0,8130,0,True,conservar,Nulidad manejable o columna relevante.,ABEGONDO | AMES | ARANGA
sepe_paro_limpio.csv,periodo,98156,0,0.0,12,0,True,conservar,Nulidad manejable o columna relevante.,2025-05 | 2025-05 | 2025-05
sepe_paro_limpio.csv,provincia,98156,0,0.0,58,0,True,conservar,Nulidad manejable o columna relevante.,A Coruña | A Coruña | A Coruña
sepe_paro_limpio.csv,tipo,98156,0,0.0,1,0,False,revisar_constante,Columna casi constante; puede no aportar variabilidad.,paro | paro | paro
sepe_paro_limpio.csv,url_fuente,98156,0,0.0,12,0,True,conservar,Nulidad manejable o columna relevante.,https://www.sepe.es/HomeSepe/dam/jcr:1908d5f0-0f79-4869-b2bc-1054a5fee94c/ESTADISTICA_MUNICIPIOS.xls | https://www.sepe.es/HomeSepe/dam/jcr:1908d5f0-0f79-4869-b2bc-1054a5fee94c/ESTADISTICA_MUNICIPIOS.xls | https://www.sepe.es/HomeSepe/dam/jcr:1908d5f0-0f79-4869-b2bc-1054a5fee94c/ESTADISTICA_MUNICIPIOS.xls
