dataset,column,dtype,non_null,nulls,null_pct,unique,numeric_non_null,sample
bcn_aire_limpio.csv,tram,str,15041,0,0.0,15041,0,T04719W | T19941Z | T18111R
bcn_aire_limpio.csv,rang,str,15041,0,0.0,7,0,20-30 µg/m³ | 20-30 µg/m³ | 10-20 µg/m³
bcn_aire_limpio.csv,id,int64,15041,0,0.0,15041,15041,1 | 2 | 3
bcn_aire_limpio.csv,geom_wkt,str,15041,0,0.0,15041,0,"MultiLineString ((430229.78859372 4586585.19905775, 430181.87658409 4586593.70443592)) | MultiLineString ((432928.8982969 4584019.98762825, 432994.98396587 4583963.09304168)) | MultiLineString ((429953.2631029 4588161.44067207, 429981.4182434 4588174.24947826, 430025.29847637 4588196.06217914))"
bcn_aire_limpio.csv,variable_iseu,str,15041,0,0.0,1,0,Calidad del aire | Calidad del aire | Calidad del aire
bcn_aire_limpio.csv,dataset_key,str,15041,0,0.0,1,0,bcn_aire | bcn_aire | bcn_aire
bcn_aire_limpio.csv,extraido_en,str,15041,0,0.0,1,0,2026-05-14T00:49:05 | 2026-05-14T00:49:05 | 2026-05-14T00:49:05
bcn_alquiler_limpio.csv,seccion_censal,int64,1068,0,0.0,1068,1068,801901001 | 801901002 | 801901003
bcn_alquiler_limpio.csv,tasa_alquiler_renta,float64,1068,0,0.0,1054,1068,0.38210072869 | 0.45492019364 | 0.42848758465
bcn_alquiler_limpio.csv,percentil_alquiler,str,1068,0,0.0,4,0,60% - 80% | 60% - 80% | 60% - 80%
bcn_alquiler_limpio.csv,geometry_wkt,str,1068,0,0.0,1068,0,"MULTIPOLYGON (((431304.7731 4580691.553, 431303.85 4580690.06, 431259.02 4580617.44, 431283.62 4580602.53, 431270.81 458 | MULTIPOLYGON (((431050.9895 4581133.5904, 431058.4714 4581119.6324, 431046.9022 4581102.3804, 431045.5012 4581099.7594,  | MULTIPOLYGON (((430889.5604 4580894.5943, 430884.9863 4580881.0993, 430854.7696 4580799.7154, 430839.9802 4580751.5445, "
bcn_alquiler_limpio.csv,variable_iseu,str,1068,0,0.0,1,0,Precio alquiler medio | Precio alquiler medio | Precio alquiler medio
bcn_alquiler_limpio.csv,fuente,str,1068,0,0.0,1,0,Open Data BCN | Open Data BCN | Open Data BCN
bcn_alquiler_limpio.csv,nota_calidad,str,1068,0,0.0,1,0,"Proxy: tasa/esfuerzo de alquiler por seccion censal, no renta mensual en euros. | Proxy: tasa/esfuerzo de alquiler por seccion censal, no renta mensual en euros. | Proxy: tasa/esfuerzo de alquiler por seccion censal, no renta mensual en euros."
bcn_alquiler_limpio.csv,extraido_en,str,1068,0,0.0,1,0,2026-05-14T00:57:27 | 2026-05-14T00:57:27 | 2026-05-14T00:57:27
bcn_equipamientos_limpio.csv,addresses_end_street_number,float64,495,2227,0.8181,166,495,10.0 | 81.0 | 81.0
bcn_equipamientos_limpio.csv,geo_epgs_4326_lon,float64,2721,1,0.0004,1816,2721,2.1398183076058688 | 2.175486170509417 | 2.175486170509417
bcn_equipamientos_limpio.csv,values_attribute_name,str,2676,46,0.0169,10,0,Tel. | Tel. | Tel.
bcn_equipamientos_limpio.csv,addresses_road_name,str,2718,4,0.0015,1149,0,Carrer de la Reina Victòria | Rambla de Volart | Rambla de Volart
bcn_equipamientos_limpio.csv,values_category,str,2676,46,0.0169,1,0,Telèfons | Telèfons | Telèfons
bcn_equipamientos_limpio.csv,addresses_zip_code,float64,2717,5,0.0018,43,2717,8021.0 | 8041.0 | 8041.0
bcn_equipamientos_limpio.csv,secondary_filters_id,float64,2004,718,0.2638,27,2004,56732071.0 | 56731068.0 | 56731069.0
bcn_equipamientos_limpio.csv,values_value,str,2676,46,0.0169,1862,1981,93 200 11 33 | 934368827 | 934368827
bcn_equipamientos_limpio.csv,addresses_town,str,2721,1,0.0004,3,0,Barcelona | Barcelona | Barcelona
bcn_equipamientos_limpio.csv,secondary_filters_name,str,2004,718,0.2638,27,0,Universitats | Ensenyament infantil (0-3 anys) | Ensenyament infantil (3-6 anys)
bcn_equipamientos_limpio.csv,secondary_filters_tree,float64,2004,718,0.2638,1,2004,651.0 | 651.0 | 651.0
bcn_equipamientos_limpio.csv,addresses_district_name,str,2717,5,0.0018,10,0,Sarrià-Sant Gervasi | Horta-Guinardó | Horta-Guinardó
bcn_equipamientos_limpio.csv,geo_epgs_25831_x,float64,2721,1,0.0004,1816,2721,428092.938 | 431095.828 | 431095.828
bcn_equipamientos_limpio.csv,addresses_start_street_number,float64,2718,4,0.0015,402,2718,8.0 | 79.0 | 79.0
bcn_equipamientos_limpio.csv,register_id,str,2722,0,0.0,1995,0,﻿99400746644 | ﻿75990135841 | ﻿75990135841
bcn_equipamientos_limpio.csv,institution_id,float64,224,2498,0.9177,157,224,75990678489.0 | 99400383772.0 | 92086008787.0
bcn_equipamientos_limpio.csv,addresses_main_address,bool,2722,0,0.0,2,2722,True | True | True
bcn_equipamientos_limpio.csv,addresses_district_id,float64,2718,4,0.0015,11,2718,5.0 | 7.0 | 7.0
bcn_equipamientos_limpio.csv,addresses_roadtype_id,float64,0,2722,1.0,0,0,
bcn_equipamientos_limpio.csv,addresses_neighborhood_id,float64,2718,4,0.0015,74,2718,26.0 | 35.0 | 35.0
bcn_equipamientos_limpio.csv,id,int64,2722,0,0.0,2722,2722,1 | 2 | 3
bcn_equipamientos_limpio.csv,name,str,2722,0,0.0,1972,0,Aula d’Extensió Universitària C.I.C. de la Gent Gran | Centre Educatiu Castro de la Peña | Centre Educatiu Castro de la Peña
bcn_equipamientos_limpio.csv,addresses_road_id,float64,2718,4,0.0015,847,2718,278404.0 | 367402.0 | 367402.0
bcn_equipamientos_limpio.csv,created,str,2722,0,0.0,1229,0,2024-11-11T10:44:08.237141 | 1996-09-18T00:00:00 | 1996-09-18T00:00:00
bcn_equipamientos_limpio.csv,geo_epgs_25831_y,float64,2721,1,0.0004,1815,2721,4583193.044 | 4585391.379 | 4585391.379
bcn_equipamientos_limpio.csv,institution_name,str,224,2498,0.9177,157,0,Clínica Guang An Men de Medicina Tradicional Xinesa | Associació Cultural Escola de Música de Gràcia | Universitat de Barcelona
bcn_equipamientos_limpio.csv,modified,str,2722,0,0.0,1995,0,2024-11-11T10:47:53.442315 | 2026-03-02T14:52:54.231534 | 2026-03-02T14:52:54.231534
bcn_equipamientos_limpio.csv,secondary_filters_asia_id,float64,2004,718,0.2638,27,2004,65103003001003.0 | 65103003000000.0 | 65103003000001.0
bcn_equipamientos_limpio.csv,secondary_filters_fullpath,str,2004,718,0.2638,27,0,Planol BCN >> Educació >> Ensenyament reglat >> Universitats | Planol BCN >> Educació >> Ensenyament infantil >> Ensenyament infantil (0-3 anys) | Planol BCN >> Educació >> Ensenyament infantil >> Ensenyament infantil (3-6 anys)
bcn_equipamientos_limpio.csv,geo_epgs_4326_lat,float64,2721,1,0.0004,1816,2721,41.3970607319763 | 41.417123318291125 | 41.417123318291125
bcn_equipamientos_limpio.csv,values_description,str,76,2646,0.9721,39,0,Edifici Biscaia (infantil i primària) | Edifici Biscaia (infantil i primària) | Edifici Biscaia (infantil i primària)
bcn_equipamientos_limpio.csv,values_id,float64,2676,46,0.0169,1953,2676,635388.0 | 145599.0 | 145599.0
bcn_equipamientos_limpio.csv,addresses_neighborhood_name,str,2717,5,0.0018,73,0,Sant Gervasi - Galvany | el Guinardó | el Guinardó
bcn_equipamientos_limpio.csv,values_outstanding,object,2676,46,0.0169,2,2676,True | True | True
bcn_equipamientos_limpio.csv,values_attribute_id,float64,2676,46,0.0169,10,2676,20001.0 | 20001.0 | 20001.0
bcn_equipamientos_limpio.csv,variable_iseu,str,2722,0,0.0,1,0,Acceso a salud | Acceso a salud | Acceso a salud
bcn_equipamientos_limpio.csv,dataset_key,str,2722,0,0.0,1,0,bcn_equipamientos | bcn_equipamientos | bcn_equipamientos
bcn_equipamientos_limpio.csv,extraido_en,str,2722,0,0.0,1,0,2026-05-14T00:49:55 | 2026-05-14T00:49:55 | 2026-05-14T00:49:55
bcn_licencias_limpio.csv,seccio_censal,int64,44000,0,0.0,180,44000,57 | 26 | 81
bcn_licencias_limpio.csv,sn_eix,str,44000,0,0.0,2,0,No | Si | No
bcn_licencias_limpio.csv,codi_via,int64,44000,0,0.0,2131,44000,142504 | 350308 | 28000
bcn_licencias_limpio.csv,nom_eix,str,16823,27177,0.6177,29,0,EL Clot | Sant Gervasi | Sant Gervasi
bcn_licencias_limpio.csv,codi_districte,int64,44000,0,0.0,10,44000,3 | 10 | 5
bcn_licencias_limpio.csv,sn_mixtura,str,44000,0,0.0,2,0,No | No | No
bcn_licencias_limpio.csv,codi_activitat_2022,int64,44000,0,0.0,81,44000,30 | 30 | 20
bcn_licencias_limpio.csv,direccio_unica,str,44000,0,0.0,43885,0,"142504, 84-88, LOC 30 | 350308, 640-640, LOC 10 | 028000, 90-90, LOC 10"
bcn_licencias_limpio.csv,id_global,str,44000,0,0.0,44000,0,5f158100-c0b8-45e2-8137-0294791bcbcf | 03a89603-7bb5-423f-b8b5-27c0e2f3b17b | aad63dad-4969-4eff-88cc-514e9e959edd
bcn_licencias_limpio.csv,nom_activitat,str,44000,0,0.0,78,0,Locals buits en venda i lloguer | Locals buits en venda i lloguer | Locals buits en lloguer
bcn_licencias_limpio.csv,codi_principal_activitat,int64,44000,0,0.0,2,44000,0 | 0 | 0
bcn_licencias_limpio.csv,num_policia_inicial,int64,44000,0,0.0,875,44000,84 | 640 | 90
bcn_licencias_limpio.csv,id_bcn_2016,float64,40034,3966,0.0901,40034,40034,45538.0 | 16649.0 | 23980.0
bcn_licencias_limpio.csv,nom_grup_activitat,str,44000,0,0.0,16,0,Grup no definit | Grup no definit | Grup no definit
bcn_licencias_limpio.csv,referencia_cadastral,str,44000,0,0.0,25564,0,8206307DF2880E | 2249707DF3824G | 9038702DF2893G
bcn_licencias_limpio.csv,sn_coworking,str,44000,0,0.0,2,0,No | No | No
bcn_licencias_limpio.csv,solar,float64,43998,2,0.0,25562,43998,115760.0 | 124307.0 | 87046.0
bcn_licencias_limpio.csv,sn_mercat,str,44000,0,0.0,2,0,No | No | No
bcn_licencias_limpio.csv,nom_via,str,44000,0,0.0,2131,0,GAIARRE | VALÈNCIA | VIA AUGUSTA
bcn_licencias_limpio.csv,longitud,float64,44000,0,0.0,31225,44000,2.141149789 | 2.188547105 | 2.150384635
bcn_licencias_limpio.csv,codi_sector_activitat,int64,44000,0,0.0,3,44000,3 | 3 | 2
bcn_licencias_limpio.csv,x_utm_etrs89,float64,44000,0,0.0,43756,44000,428176.942 | 432181.485 | 428980.535
bcn_licencias_limpio.csv,y_utm_etrs89,float64,44000,0,0.0,43745,44000,4580437.121 | 4584756.976 | 4583622.265
bcn_licencias_limpio.csv,sn_ccomercial,str,44000,0,0.0,2,0,No | No | No
bcn_licencias_limpio.csv,sn_carrer,str,44000,0,0.0,2,0,Si | Si | Si
bcn_licencias_limpio.csv,porta,float64,43918,82,0.0019,104,43918,30.0 | 10.0 | 10.0
bcn_licencias_limpio.csv,codi_illa,int64,44000,0,0.0,3303,44000,72524 | 6910 | 31130
bcn_licencias_limpio.csv,planta,str,44000,0,0.0,1,0,LOC | LOC | LOC
bcn_licencias_limpio.csv,sn_servei_degustacio,str,44000,0,0.0,2,0,No | No | No
bcn_licencias_limpio.csv,num_policia_final,float64,43991,9,0.0002,876,43991,88.0 | 640.0 | 90.0
bcn_licencias_limpio.csv,nom_principal_activitat,str,44000,0,0.0,2,0,Sense activitat Econòmica | Sense activitat Econòmica | Sense activitat Econòmica
bcn_licencias_limpio.csv,nom_local,str,44000,0,0.0,32436,70,SN | SN | SN
bcn_licencias_limpio.csv,codi_barri,int64,44000,0,0.0,72,44000,16 | 65 | 27
bcn_licencias_limpio.csv,sn_obert24h,str,44000,0,0.0,2,0,No | No | No
bcn_licencias_limpio.csv,codi_activitat_2016,int64,44000,0,0.0,81,44000,333 | 333 | 222
bcn_licencias_limpio.csv,latitud,float64,44000,0,0.0,31603,44000,41.372246684 | 41.411501806 | 41.401005443
bcn_licencias_limpio.csv,codi_grup_activitat,int64,44000,0,0.0,18,44000,0 | 0 | 0
bcn_licencias_limpio.csv,sn_galeria,str,44000,0,0.0,2,0,No | No | No
bcn_licencias_limpio.csv,nom_districte,str,44000,0,0.0,10,0,Sants-Montjuïc | Sant Martí | Sarrià-Sant Gervasi
bcn_licencias_limpio.csv,nom_sector_activitat,str,44000,0,0.0,7,0,Locals buits en venda i lloguer | Locals buits en venda i lloguer | Locals buits en lloguer
bcn_licencias_limpio.csv,codi_parcela,int64,44000,0,0.0,115,44000,7 | 7 | 2
bcn_licencias_limpio.csv,nom_barri,str,44000,0,0.0,72,0,la Bordeta | el Clot | el Putxet i el Farró
bcn_licencias_limpio.csv,sn_oci_nocturn,str,44000,0,0.0,2,0,No | No | No
bcn_licencias_limpio.csv,id,int64,44000,0,0.0,44000,44000,1 | 2 | 3
bcn_licencias_limpio.csv,data_revisio,str,44000,0,0.0,292,0,2023-05-16T00:00:00 | 2023-03-13T00:00:00 | 2023-07-05T00:00:00
bcn_licencias_limpio.csv,variable_iseu,str,44000,0,0.0,1,0,Licencias comerciales | Licencias comerciales | Licencias comerciales
bcn_licencias_limpio.csv,dataset_key,str,44000,0,0.0,1,0,bcn_licencias | bcn_licencias | bcn_licencias
bcn_licencias_limpio.csv,extraido_en,str,44000,0,0.0,1,0,2026-05-14T00:49:51 | 2026-05-14T00:49:51 | 2026-05-14T00:49:51
bcn_movilidad_limpio.csv,electricalbikesinusage,int64,8055,0,0.0,23,8055,0 | 0 | 0
bcn_movilidad_limpio.csv,bikesinusage,int64,8055,0,0.0,743,8055,50 | 47 | 50
bcn_movilidad_limpio.csv,datetime,str,8055,0,0.0,8055,0,2019-01-01T00:00:11 | 2019-01-01T00:05:12 | 2019-01-01T00:10:12
bcn_movilidad_limpio.csv,mechanicalbikesinusage,int64,8055,0,0.0,744,8055,50 | 47 | 50
bcn_movilidad_limpio.csv,error,int64,8055,0,0.0,1,8055,0 | 0 | 0
bcn_movilidad_limpio.csv,id,int64,8055,0,0.0,8055,8055,1 | 2 | 3
bcn_movilidad_limpio.csv,variable_iseu,str,8055,0,0.0,1,0,Movilidad urbana | Movilidad urbana | Movilidad urbana
bcn_movilidad_limpio.csv,dataset_key,str,8055,0,0.0,1,0,bcn_movilidad | bcn_movilidad | bcn_movilidad
bcn_movilidad_limpio.csv,extraido_en,str,8055,0,0.0,1,0,2026-05-14T00:49:25 | 2026-05-14T00:49:25 | 2026-05-14T00:49:25
bcn_poblacion_limpio.csv,codi_districte,int64,2136,0,0.0,10,2136,1 | 1 | 1
bcn_poblacion_limpio.csv,sexe,int64,2136,0,0.0,2,2136,1 | 2 | 1
bcn_poblacion_limpio.csv,nom_districte,str,2136,0,0.0,10,0,Ciutat Vella | Ciutat Vella | Ciutat Vella
bcn_poblacion_limpio.csv,codi_barri,int64,2136,0,0.0,73,2136,1 | 1 | 1
bcn_poblacion_limpio.csv,nom_barri,str,2136,0,0.0,73,0,el Raval | el Raval | el Raval
bcn_poblacion_limpio.csv,aeb,int64,2136,0,0.0,233,2136,1 | 1 | 1
bcn_poblacion_limpio.csv,seccio_censal,int64,2136,0,0.0,1068,2136,1001 | 1001 | 1002
bcn_poblacion_limpio.csv,valor,int64,2136,0,0.0,722,2136,678 | 741 | 636
bcn_poblacion_limpio.csv,data_referencia,str,2136,0,0.0,1,0,2025-01-01T00:00:00 | 2025-01-01T00:00:00 | 2025-01-01T00:00:00
bcn_poblacion_limpio.csv,id,int64,2136,0,0.0,2136,2136,1 | 2 | 3
bcn_poblacion_limpio.csv,variable_iseu,str,2136,0,0.0,1,0,Población distritos | Población distritos | Población distritos
bcn_poblacion_limpio.csv,dataset_key,str,2136,0,0.0,1,0,bcn_poblacion | bcn_poblacion | bcn_poblacion
bcn_poblacion_limpio.csv,extraido_en,str,2136,0,0.0,1,0,2026-05-14T00:50:08 | 2026-05-14T00:50:08 | 2026-05-14T00:50:08
bcn_seguridad_limpio.csv,codi_districte,int64,8072,0,0.0,10,8072,1 | 1 | 1
bcn_seguridad_limpio.csv,coordenada_utm_x_ed50,float64,8072,0,0.0,4993,8072,430843.618 | 430453.561 | 430453.561
bcn_seguridad_limpio.csv,nk_any,int64,8072,0,0.0,1,8072,2025 | 2025 | 2025
bcn_seguridad_limpio.csv,causa_conductor,str,7636,436,0.054,15,0,No respectar distàncies | Manca d'atenció a la conducció | No respectat pas de vianants
bcn_seguridad_limpio.csv,nom_districte,str,8072,0,0.0,10,0,Ciutat Vella | Ciutat Vella | Ciutat Vella
bcn_seguridad_limpio.csv,descripcio_torn,str,8072,0,0.0,3,0,Tarda | Nit | Nit
bcn_seguridad_limpio.csv,coordenada_utm_y_ed50,float64,8072,0,0.0,4995,8072,4580926.531 | 4581623.91 | 4581623.91
bcn_seguridad_limpio.csv,codi_carrer,int64,8072,0,0.0,1036,8072,198804 | 254803 | 254803
bcn_seguridad_limpio.csv,nom_carrer,str,8072,0,0.0,1004,0,Paral·lel | Peu de la Creu | Peu de la Creu
bcn_seguridad_limpio.csv,dia_mes,int64,8072,0,0.0,31,8072,5 | 9 | 9
bcn_seguridad_limpio.csv,nom_mes,str,8072,0,0.0,12,0,Gener | Gener | Gener
bcn_seguridad_limpio.csv,nom_barri,str,8072,0,0.0,73,0,el Raval | el Raval | el Raval
bcn_seguridad_limpio.csv,hora_dia,int64,8072,0,0.0,24,8072,14 | 23 | 23
bcn_seguridad_limpio.csv,numero_expedient,str,8072,0,0.0,7741,0,2025S000065 | 2025S000133 | 2025S000133
bcn_seguridad_limpio.csv,latitud_wgs84,float64,8072,0,0.0,4996,8072,41.37503971 | 41.38128717 | 41.38128717
bcn_seguridad_limpio.csv,codi_barri,int64,8072,0,0.0,73,8072,1 | 1 | 1
bcn_seguridad_limpio.csv,mes_any,int64,8072,0,0.0,12,8072,1 | 1 | 1
bcn_seguridad_limpio.csv,id,int64,8072,0,0.0,8072,8072,1 | 2 | 3
bcn_seguridad_limpio.csv,num_postal,str,4798,3274,0.4056,1420,2634,48 | 9 | 103
bcn_seguridad_limpio.csv,longitud_wgs84,float64,8072,0,0.0,4991,8072,2.17187632 | 2.16713227 | 2.16713227
bcn_seguridad_limpio.csv,descripcio_dia_setmana,str,8072,0,0.0,7,0,Diumenge | Dijous | Dijous
bcn_seguridad_limpio.csv,variable_iseu,str,8072,0,0.0,1,0,Seguridad ciudadana | Seguridad ciudadana | Seguridad ciudadana
bcn_seguridad_limpio.csv,dataset_key,str,8072,0,0.0,1,0,bcn_seguridad | bcn_seguridad | bcn_seguridad
bcn_seguridad_limpio.csv,extraido_en,str,8072,0,0.0,1,0,2026-05-14T00:50:01 | 2026-05-14T00:50:01 | 2026-05-14T00:50:01
bcn_transporte_limpio.csv,id_tipus_configuracio,int64,27,0,0.0,8,27,1 | 1 | 1
bcn_transporte_limpio.csv,temps_maxim,int64,27,0,0.0,9,27,2 | 2 | 3
bcn_transporte_limpio.csv,codi_tarifa,str,27,0,0.0,27,0,A | B | C
bcn_transporte_limpio.csv,temps_minim,int64,27,0,0.0,2,27,0 | 0 | 0
bcn_transporte_limpio.csv,id_tipus_tarifa,int64,27,0,0.0,8,27,1 | 1 | 1
bcn_transporte_limpio.csv,id_tarifa,int64,27,0,0.0,27,27,46 | 47 | 48
bcn_transporte_limpio.csv,import_fraccio,float64,27,0,0.0,15,27,2.5 | 2.25 | 1.96
bcn_transporte_limpio.csv,import_maxim,float64,27,0,0.0,19,27,5.0 | 4.5 | 5.88
bcn_transporte_limpio.csv,descripcio,str,27,0,0.0,24,0,"2,50 euros/hora Temp.max Est. 2 hores | 2,25 euros/hora Temp.max Est. 2 hores | 1,96 euros/hora Temp.max Est. 3 hores"
bcn_transporte_limpio.csv,tipus_fraccio,int64,27,0,0.0,3,27,1 | 1 | 1
bcn_transporte_limpio.csv,id,int64,27,0,0.0,27,27,1 | 2 | 3
bcn_transporte_limpio.csv,desc_curta,str,27,0,0.0,24,0,"2,50 E/h <= 2h | 2,25 E/h <= 2h | 1,96 E/h <= 3h"
bcn_transporte_limpio.csv,variable_iseu,str,27,0,0.0,1,0,Coste movilidad urbana | Coste movilidad urbana | Coste movilidad urbana
bcn_transporte_limpio.csv,dataset_key,str,27,0,0.0,1,0,bcn_transporte | bcn_transporte | bcn_transporte
bcn_transporte_limpio.csv,extraido_en,str,27,0,0.0,1,0,2026-05-14T00:50:04 | 2026-05-14T00:50:04 | 2026-05-14T00:50:04
bcn_turismo_limpio.csv,addresses_end_street_number,float64,40,406,0.9103,32,40,34.0 | 621.0 | 6.0
bcn_turismo_limpio.csv,geo_epgs_4326_lon,float64,446,0,0.0,440,446,2.141985641711951 | 2.162192579213957 | 2.148305485811022
bcn_turismo_limpio.csv,values_attribute_name,str,444,2,0.0045,6,0,Centraleta | Centraleta | Centraleta
bcn_turismo_limpio.csv,addresses_road_name,str,446,0,0.0,250,0,C Loreto | Rbla Catalunya | Carrer de Lincoln
bcn_turismo_limpio.csv,values_category,str,444,2,0.0045,1,0,Telèfons | Telèfons | Telèfons
bcn_turismo_limpio.csv,addresses_zip_code,int64,446,0,0.0,38,446,8029 | 8008 | 8006
bcn_turismo_limpio.csv,secondary_filters_id,int64,446,0,0.0,5,446,54731069 | 54731069 | 54731070
bcn_turismo_limpio.csv,values_value,str,444,2,0.0045,436,394,933223215 | 934875989 | 932183355
bcn_turismo_limpio.csv,addresses_town,str,446,0,0.0,2,0,BARCELONA | BARCELONA | Barcelona
bcn_turismo_limpio.csv,secondary_filters_name,str,446,0,0.0,5,0,Hotels 4 estr. | Hotels 4 estr. | Hotels 3 estr.
bcn_turismo_limpio.csv,secondary_filters_tree,int64,446,0,0.0,1,446,651 | 651 | 651
bcn_turismo_limpio.csv,addresses_district_name,str,446,0,0.0,10,0,Les Corts | Eixample | Sarrià-Sant Gervasi
bcn_turismo_limpio.csv,geo_epgs_25831_x,float64,446,0,0.0,440,446,428266.13815732615 | 429958.1546589917 | 428807.379
bcn_turismo_limpio.csv,addresses_start_street_number,float64,444,2,0.0045,209,444,21.0 | 76.0 | 32.0
bcn_turismo_limpio.csv,register_id,str,446,0,0.0,446,0,﻿75990076583 | ﻿75990281450 | ﻿75990075998
bcn_turismo_limpio.csv,institution_id,float64,0,446,1.0,0,0,
bcn_turismo_limpio.csv,addresses_main_address,bool,446,0,0.0,1,446,True | True | True
bcn_turismo_limpio.csv,addresses_district_id,int64,446,0,0.0,10,446,4 | 2 | 5
bcn_turismo_limpio.csv,addresses_roadtype_id,float64,0,446,1.0,0,0,
bcn_turismo_limpio.csv,addresses_neighborhood_id,int64,446,0,0.0,45,446,19 | 7 | 27
bcn_turismo_limpio.csv,id,int64,446,0,0.0,446,446,1 | 2 | 3
bcn_turismo_limpio.csv,name,str,446,0,0.0,446,0,Hotel Derby - HB-002794 | HCC Hotel Regente - HB-002057 | Aparthotel Augusta - HB-003712
bcn_turismo_limpio.csv,addresses_road_id,int64,446,0,0.0,211,446,180900 | 74506 | 179708
bcn_turismo_limpio.csv,created,str,446,0,0.0,312,0,1996-09-18T00:00:00 | 1996-09-18T00:00:00 | 1996-09-18T00:00:00
bcn_turismo_limpio.csv,geo_epgs_25831_y,float64,446,0,0.0,440,446,4582385.377463384 | 4582638.782345727 | 4583689.236
bcn_turismo_limpio.csv,modified,str,446,0,0.0,446,0,2023-10-03T10:44:21.390375 | 2023-10-03T10:17:19.153238 | 2026-04-30T11:02:13.257447
bcn_turismo_limpio.csv,secondary_filters_asia_id,int64,446,0,0.0,5,446,65103001000001 | 65103001000001 | 65103001000002
bcn_turismo_limpio.csv,secondary_filters_fullpath,str,446,0,0.0,5,0,Planol BCN >> Allotjament >> Hotels >> Hotels 4 estr. | Planol BCN >> Allotjament >> Hotels >> Hotels 4 estr. | Planol BCN >> Allotjament >> Hotels >> Hotels 3 estr.
bcn_turismo_limpio.csv,geo_epgs_4326_lat,float64,446,0,0.0,440,446,41.38980186410714 | 41.39223331674776 | 41.40159331152714
bcn_turismo_limpio.csv,values_description,float64,0,446,1.0,0,0,
bcn_turismo_limpio.csv,values_id,float64,444,2,0.0045,444,444,139374.0 | 148679.0 | 139753.0
bcn_turismo_limpio.csv,addresses_neighborhood_name,str,446,0,0.0,45,0,les Corts | la Dreta de l'Eixample | el Putxet i el Farró
bcn_turismo_limpio.csv,values_outstanding,object,444,2,0.0045,2,444,True | True | True
bcn_turismo_limpio.csv,values_attribute_id,float64,444,2,0.0045,6,444,20003.0 | 20003.0 | 20003.0
bcn_turismo_limpio.csv,variable_iseu,str,446,0,0.0,1,0,Turismo (nº visitantes) | Turismo (nº visitantes) | Turismo (nº visitantes)
bcn_turismo_limpio.csv,dataset_key,str,446,0,0.0,1,0,bcn_turismo | bcn_turismo | bcn_turismo
bcn_turismo_limpio.csv,extraido_en,str,446,0,0.0,1,0,2026-05-14T00:49:19 | 2026-05-14T00:49:19 | 2026-05-14T00:49:19
bcn_zonas_verdes_limpio.csv,codi,str,33389,0,0.0,33389,0,0000024AR | 0000025AR | 0000028AR
bcn_zonas_verdes_limpio.csv,x_etrs89,float64,33389,0,0.0,33081,33389,430266.32 | 430270.562 | 430278.453
bcn_zonas_verdes_limpio.csv,y_etrs89,float64,33389,0,0.0,33097,33389,4587634.31 | 4587637.998 | 4587643.703
bcn_zonas_verdes_limpio.csv,latitud,float64,33389,0,0.0,32205,33389,41.437253 | 41.4372866 | 41.4373386
bcn_zonas_verdes_limpio.csv,longitud,float64,33389,0,0.0,32528,33389,2.1653025 | 2.1653528 | 2.1654466
bcn_zonas_verdes_limpio.csv,tipus_element,str,33389,0,0.0,2,0,ARBRE PARC | ARBRE PARC | ARBRE PARC
bcn_zonas_verdes_limpio.csv,espai_verd,str,33087,302,0.009,154,0,"Central de Nou Barris, Parc | Central de Nou Barris, Parc | Central de Nou Barris, Parc"
bcn_zonas_verdes_limpio.csv,adreca,str,33389,0,0.0,605,0,"Pg Fabra i Puig, 450 | Pg Fabra i Puig, 450 | Pg Fabra i Puig, 450"
bcn_zonas_verdes_limpio.csv,cat_especie_id,int64,33389,0,0.0,383,33389,152 | 2336 | 2336
bcn_zonas_verdes_limpio.csv,cat_nom_cientific,str,33389,0,0.0,383,0,Populus nigra 'Italica' | Fraxinus angustifolia 'Raywood' | Fraxinus angustifolia 'Raywood'
bcn_zonas_verdes_limpio.csv,cat_nom_castella,str,33036,353,0.0106,326,0,Chopo lombardo | - | -
bcn_zonas_verdes_limpio.csv,cat_nom_catala,str,33002,387,0.0116,315,0,Pollancre gavatx | - | -
bcn_zonas_verdes_limpio.csv,categoria_arbrat,str,33323,66,0.002,4,0,SEGONA | PRIMERA | PRIMERA
bcn_zonas_verdes_limpio.csv,data_plantacio,str,2019,31370,0.9395,340,0,2015-04-14 | 2026-03-30 | 2026-03-16
bcn_zonas_verdes_limpio.csv,tipus_reg,str,33387,2,0.0001,9,0,GOTEIG AVARIAT | GOTEIG AVARIAT | GOTEIG AVARIAT
bcn_zonas_verdes_limpio.csv,geom,str,33389,0,0.0,33359,0,POINT (430266.320389286 4587634.30999226) | POINT (430270.561661092 4587637.99844993) | POINT (430278.452565526 4587643.70285161)
bcn_zonas_verdes_limpio.csv,codi_barri,int64,33389,0,0.0,52,33389,48 | 48 | 48
bcn_zonas_verdes_limpio.csv,nom_barri,str,33389,0,0.0,52,0,LA GUINEUETA | LA GUINEUETA | LA GUINEUETA
bcn_zonas_verdes_limpio.csv,codi_districte,int64,33389,0,0.0,10,33389,8 | 8 | 8
bcn_zonas_verdes_limpio.csv,nom_districte,str,33389,0,0.0,10,0,NOU BARRIS | NOU BARRIS | NOU BARRIS
bcn_zonas_verdes_limpio.csv,variable_iseu,str,33389,0,0.0,1,0,Zonas verdes por habitante | Zonas verdes por habitante | Zonas verdes por habitante
bcn_zonas_verdes_limpio.csv,dataset_key,str,33389,0,0.0,1,0,bcn_zonas_verdes | bcn_zonas_verdes | bcn_zonas_verdes
bcn_zonas_verdes_limpio.csv,extraido_en,str,33389,0,0.0,1,0,2026-05-14T00:49:16 | 2026-05-14T00:49:16 | 2026-05-14T00:49:16
idescat_limpio.csv,indicador_id,str,13,0,0.0,13,0,f171 | f53 | f197
idescat_limpio.csv,nombre,str,13,0,0.0,11,0,Total | Creixement total | Serveis
idescat_limpio.csv,valores_raw,str,13,0,0.0,13,0,"1713247,2398280,8124126 | 15.91,18.51,13.87 | 73729.4,85588.4,204236.1"
idescat_limpio.csv,barcelona,float64,13,0,0.0,13,13,1713247.0 | 15.91 | 73729.4
idescat_limpio.csv,comarca,float64,13,0,0.0,13,13,2398280.0 | 18.51 | 85588.4
idescat_limpio.csv,catalunya,float64,13,0,0.0,13,13,8124126.0 | 13.87 | 204236.1
idescat_limpio.csv,columnas,str,13,0,0.0,1,0,"['Barcelona', 'Barcelonès', 'Catalunya'] | ['Barcelona', 'Barcelonès', 'Catalunya'] | ['Barcelona', 'Barcelonès', 'Catalunya']"
idescat_limpio.csv,referencia,str,13,0,0.0,4,8,2025 | 2024 | 2023 (p)
idescat_limpio.csv,fuente_idescat,str,13,0,0.0,7,0,"Idescat, a partir del Cens de població anual de l'INE. | Idescat. Indicadors demogràfics. | Idescat."
idescat_limpio.csv,actualizado,str,13,0,0.0,7,0,2026-02-25T11:00:00+00:00 | 2025-05-07T10:00:00+00:00 | 2025-12-11T11:00:00+00:00
idescat_limpio.csv,extraido_en,str,13,0,0.0,1,0,2026-05-14T00:51:43 | 2026-05-14T00:51:43 | 2026-05-14T00:51:43
idescat_limpio.csv,variable_iseu,str,13,0,0.0,10,0,Población | Crecimiento población | PIB regional
idescat_limpio.csv,clave_config,str,13,0,0.0,13,0,poblacion | crecimiento_poblacion | vab_servicios
indicadores_limpios.csv,source,str,254017,0,0.0,6,0,INE | INE | INE
indicadores_limpios.csv,dataset,str,254017,0,0.0,28,0,ipc_general_barcelona | ipc_general_barcelona | ipc_general_barcelona
indicadores_limpios.csv,variable,str,254017,0,0.0,23,0,Índice general IPC | Índice general IPC | Índice general IPC
indicadores_limpios.csv,metric,str,254017,0,0.0,27,0,Nacional. Índice general. Índice. | Nacional. Índice general. Índice. | Nacional. Índice general. Índice.
indicadores_limpios.csv,geo,str,254017,0,0.0,9799,1068,España | España | España
indicadores_limpios.csv,period,str,254016,1,0.0,56949,1076,2005-12-31 | 2006-01-31 | 2006-02-28
indicadores_limpios.csv,value,float64,254017,0,0.0,23914,254017,79.234 | 79.272 | 79.833
indicadores_limpios.csv,unit,str,250891,3126,0.0123,6,0,EUR/MWh | EUR/MWh | EUR/MWh
indicadores_limpios.csv,quality,str,254017,0,0.0,2,0,media | media | media
indicadores_limpios.csv,notes,str,254017,0,0.0,8,0,Serie INE normalizada desde API Tempus. | Serie INE normalizada desde API Tempus. | Serie INE normalizada desde API Tempus.
indicadores_limpios.csv,raw_file,str,254017,0,0.0,9,0,api_clients\data\ine\ine_raw.csv | api_clients\data\ine\ine_raw.csv | api_clients\data\ine\ine_raw.csv
indicadores_limpios.csv,extracted_at,str,251963,2054,0.0081,95,0,2026-05-14T00:48:52 | 2026-05-14T00:48:52 | 2026-05-14T00:48:52
ine_limpio.csv,serie_id,str,1059,0,0.0,8,0,IPC251852 | IPC251852 | IPC251852
ine_limpio.csv,fecha,str,1058,1,0.0009,259,0,2005-12-31 23:00:00 | 2006-01-31 23:00:00 | 2006-02-28 23:00:00
ine_limpio.csv,valor,float64,1059,0,0.0,862,1059,79.234 | 79.272 | 79.833
ine_limpio.csv,nombre,str,1059,0,0.0,8,0,Nacional. Índice general. Índice. | Nacional. Índice general. Índice. | Nacional. Índice general. Índice.
ine_limpio.csv,unidad,float64,0,1059,1.0,0,0,
ine_limpio.csv,extraido_en,str,1059,0,0.0,4,0,2026-05-14T00:48:52 | 2026-05-14T00:48:52 | 2026-05-14T00:48:52
ine_limpio.csv,variable_iseu,str,1059,0,0.0,8,0,Índice general IPC | Índice general IPC | Índice general IPC
ine_limpio.csv,clave_config,str,1059,0,0.0,8,0,ipc_general_barcelona | ipc_general_barcelona | ipc_general_barcelona
ine_limpio.csv,fuente,str,1059,0,0.0,1,0,INE | INE | INE
mitma_precio_m2_vivienda_limpio.csv,periodo,str,24366,0,0.0,84,0,2005-T1 | 2005-T1 | 2005-T1
mitma_precio_m2_vivienda_limpio.csv,anio,int64,24366,0,0.0,21,24366,2005 | 2005 | 2005
mitma_precio_m2_vivienda_limpio.csv,trimestre,int64,24366,0,0.0,4,24366,1 | 1 | 1
mitma_precio_m2_vivienda_limpio.csv,provincia,str,24366,0,0.0,54,0,Almería | Almería | Almería
mitma_precio_m2_vivienda_limpio.csv,municipio,str,24366,0,0.0,306,0,Almería | Roquetas de Mar | Ejido (El)
mitma_precio_m2_vivienda_limpio.csv,precio_m2_eur,float64,24249,117,0.0048,14907,24249,1477.4 | 1484.0 | 1145.8
mitma_precio_m2_vivienda_limpio.csv,tasaciones,float64,24366,0,0.0,1682,24366,867.0 | 773.0 | 513.0
mitma_precio_m2_vivienda_limpio.csv,fuente,str,24366,0,0.0,1,0,MITMA/MIVAU | MITMA/MIVAU | MITMA/MIVAU
mitma_precio_m2_vivienda_limpio.csv,variable_iseu,str,24366,0,0.0,1,0,Precio vivienda m2 | Precio vivienda m2 | Precio vivienda m2
mitma_precio_m2_vivienda_limpio.csv,extraido_en,str,24366,0,0.0,24,0,2026-05-14T00:57:04 | 2026-05-14T00:57:04 | 2026-05-14T00:57:04
ree_demanda_limpio.csv,fecha,str,29,0,0.0,29,0,2023-12-31 23:00:00+00:00 | 2024-01-31 23:00:00+00:00 | 2024-02-29 23:00:00+00:00
ree_demanda_limpio.csv,valor_mwh,float64,29,0,0.0,29,29,22353571.734 | 20335524.431 | 20714646.058
ree_demanda_limpio.csv,concepto,str,29,0,0.0,1,0,Demanda | Demanda | Demanda
ree_demanda_limpio.csv,variable_iseu,str,29,0,0.0,1,0,Consumo eléctrico industrial | Consumo eléctrico industrial | Consumo eléctrico industrial
ree_demanda_limpio.csv,extraido_en,str,29,0,0.0,28,0,2026-05-14T00:51:04 | 2026-05-14T00:51:06 | 2026-05-14T00:51:07
ree_precios_limpio.csv,fecha,str,77323,0,0.0,56588,0,2023-12-31 23:00:00+00:00 | 2024-01-01 00:00:00+00:00 | 2024-01-01 01:00:00+00:00
ree_precios_limpio.csv,valor_eur_mwh,float64,77323,0,0.0,17822,77323,123.83 | 111.11 | 110.77
ree_precios_limpio.csv,concepto,str,77323,0,0.0,2,0,PVPC | PVPC | PVPC
ree_precios_limpio.csv,tipo,str,77323,0,0.0,2,0,PVPC | PVPC | PVPC
ree_precios_limpio.csv,variable_iseu,str,77323,0,0.0,1,0,Precio electricidad | Precio electricidad | Precio electricidad
ree_precios_limpio.csv,extraido_en,str,77323,0,0.0,27,0,2026-05-14T00:50:10 | 2026-05-14T00:50:10 | 2026-05-14T00:50:10
sepe_contratos_limpio.csv,codigo_municipio,float64,96923,615,0.0063,8135,96923,15001.0 | 15002.0 | 15003.0
sepe_contratos_limpio.csv,municipio,str,97538,0,0.0,8130,0,ABEGONDO | AMES | ARANGA
sepe_contratos_limpio.csv,contratos_total,float64,78643,18895,0.1937,3239,78643,292.0 | 817.0 | 15.0
sepe_contratos_limpio.csv,hombres_indefinido_inicial,float64,72651,24887,0.2552,1706,72651,19.0 | 69.0 | 2.5
sepe_contratos_limpio.csv,hombres_temporal_inicial,float64,72651,24887,0.2552,1980,72651,159.0 | 305.0 | 7.0
sepe_contratos_limpio.csv,hombres_indefinido_convertido,float64,72651,24887,0.2552,486,72651,7.0 | 6.0 | 0.0
sepe_contratos_limpio.csv,mujeres_indefinido_inicial,float64,68786,28752,0.2948,1518,68786,17.0 | 80.0 | 2.5
sepe_contratos_limpio.csv,mujeres_temporal_inicial,float64,68786,28752,0.2948,1972,68786,87.0 | 348.0 | 0.0
sepe_contratos_limpio.csv,mujeres_indefinido_convertido,float64,68786,28752,0.2948,465,68786,2.5 | 9.0 | 0.0
sepe_contratos_limpio.csv,sector_agricultura,float64,41852,55686,0.5709,1229,41852,11.0 | 6.0 | 2.5
sepe_contratos_limpio.csv,sector_industria,float64,40809,56729,0.5816,1338,40809,83.0 | 13.0 | 2.5
sepe_contratos_limpio.csv,sector_construccion,float64,39456,58082,0.5955,882,39456,19.0 | 12.0 | 51.0
sepe_contratos_limpio.csv,sector_servicios,float64,72659,24879,0.2551,2844,72659,179.0 | 786.0 | 11.0
sepe_contratos_limpio.csv,tipo,str,97538,0,0.0,1,0,contratos | contratos | contratos
sepe_contratos_limpio.csv,provincia,str,97538,0,0.0,58,0,A Coruña | A Coruña | A Coruña
sepe_contratos_limpio.csv,periodo,str,97538,0,0.0,12,0,2025-05 | 2025-05 | 2025-05
sepe_contratos_limpio.csv,anio,int64,97538,0,0.0,2,97538,2025 | 2025 | 2025
sepe_contratos_limpio.csv,mes,int64,97538,0,0.0,12,97538,5 | 5 | 5
sepe_contratos_limpio.csv,es_total_provincia,bool,97538,0,0.0,2,97538,False | False | False
sepe_contratos_limpio.csv,contiene_valores_censurados,bool,97538,0,0.0,2,97538,True | False | True
sepe_contratos_limpio.csv,fuente,str,97538,0,0.0,1,0,SEPE | SEPE | SEPE
sepe_contratos_limpio.csv,url_fuente,str,97538,0,0.0,12,0,https://www.sepe.es/HomeSepe/dam/jcr:1908d5f0-0f79-4869-b2bc-1054a5fee94c/ESTADISTICA_MUNICIPIOS.xls | https://www.sepe.es/HomeSepe/dam/jcr:1908d5f0-0f79-4869-b2bc-1054a5fee94c/ESTADISTICA_MUNICIPIOS.xls | https://www.sepe.es/HomeSepe/dam/jcr:1908d5f0-0f79-4869-b2bc-1054a5fee94c/ESTADISTICA_MUNICIPIOS.xls
sepe_contratos_limpio.csv,extraido_en,str,97538,0,0.0,12,0,2026-05-14T00:51:47 | 2026-05-14T00:51:47 | 2026-05-14T00:51:47
sepe_paro_limpio.csv,codigo_municipio,float64,97533,623,0.0063,8135,97533,15001.0 | 15002.0 | 15003.0
sepe_paro_limpio.csv,municipio,str,98156,0,0.0,8130,0,ABEGONDO | AMES | ARANGA
sepe_paro_limpio.csv,paro_total,float64,94982,3174,0.0323,4393,94982,161.0 | 1132.0 | 35.0
sepe_paro_limpio.csv,hombres_menor_25,float64,63158,34998,0.3566,1070,63158,2.5 | 27.0 | 0.0
sepe_paro_limpio.csv,hombres_25_44,float64,79420,18736,0.1909,1815,79420,24.0 | 143.0 | 5.0
sepe_paro_limpio.csv,hombres_45_mas,float64,88783,9373,0.0955,2270,88783,42.0 | 260.0 | 10.0
sepe_paro_limpio.csv,mujeres_menor_25,float64,60184,37972,0.3869,1027,60184,0.0 | 35.0 | 2.5
sepe_paro_limpio.csv,mujeres_25_44,float64,81018,17138,0.1746,2255,81018,25.0 | 258.0 | 6.0
sepe_paro_limpio.csv,mujeres_45_mas,float64,89026,9130,0.093,2822,89026,68.0 | 409.0 | 13.0
sepe_paro_limpio.csv,sector_agricultura,float64,68948,29208,0.2976,941,68948,5.0 | 21.0 | 0.0
sepe_paro_limpio.csv,sector_industria,float64,72069,26087,0.2658,1409,72069,26.0 | 79.0 | 0.0
sepe_paro_limpio.csv,sector_construccion,float64,67138,31018,0.316,1400,67138,8.0 | 56.0 | 2.5
sepe_paro_limpio.csv,sector_servicios,float64,93723,4433,0.0452,3818,93723,117.0 | 876.0 | 30.0
sepe_paro_limpio.csv,sin_empleo_anterior,float64,63150,35006,0.3566,1631,63150,5.0 | 100.0 | 2.5
sepe_paro_limpio.csv,tipo,str,98156,0,0.0,1,0,paro | paro | paro
sepe_paro_limpio.csv,provincia,str,98156,0,0.0,58,0,A Coruña | A Coruña | A Coruña
sepe_paro_limpio.csv,periodo,str,98156,0,0.0,12,0,2025-05 | 2025-05 | 2025-05
sepe_paro_limpio.csv,anio,int64,98156,0,0.0,2,98156,2025 | 2025 | 2025
sepe_paro_limpio.csv,mes,int64,98156,0,0.0,12,98156,5 | 5 | 5
sepe_paro_limpio.csv,es_total_provincia,bool,98156,0,0.0,2,98156,False | False | False
sepe_paro_limpio.csv,contiene_valores_censurados,bool,98156,0,0.0,2,98156,True | False | True
sepe_paro_limpio.csv,fuente,str,98156,0,0.0,1,0,SEPE | SEPE | SEPE
sepe_paro_limpio.csv,url_fuente,str,98156,0,0.0,12,0,https://www.sepe.es/HomeSepe/dam/jcr:1908d5f0-0f79-4869-b2bc-1054a5fee94c/ESTADISTICA_MUNICIPIOS.xls | https://www.sepe.es/HomeSepe/dam/jcr:1908d5f0-0f79-4869-b2bc-1054a5fee94c/ESTADISTICA_MUNICIPIOS.xls | https://www.sepe.es/HomeSepe/dam/jcr:1908d5f0-0f79-4869-b2bc-1054a5fee94c/ESTADISTICA_MUNICIPIOS.xls
sepe_paro_limpio.csv,extraido_en,str,98156,0,0.0,12,0,2026-05-14T00:51:47 | 2026-05-14T00:51:47 | 2026-05-14T00:51:47
